Workbook

Sheet podatki
A1: Country name | B1: Regional indicator | C1: Ladder score | D1: Standard error of ladder score | E1: upperwhisker | F1: lowerwhisker | G1: Logged GDP per capita | H1: Social support | I1: Healthy life expectancy | J1: Freedom to make life choices | K1: Generosity | L1: Perceptions of corruption | M1: Ladder score in Dystopia | N1: Explained by: Log GDP per capita | O1: Explained by: Social support | P1: Explained by: Healthy life expectancy | Q1: Explained by: Freedom to make life choices | R1: Explained by: Generosity | S1: Explained by: Perceptions of corruption | T1: Dystopia + residual
A2: Finland | B2: Western Europe | C2: =7842/(1000) -> 7.842 | D2: 0.032 | E2: 7904 | F2: 7780 | G2: =10775/(1000) -> 10.775 | H2: 0.954 | I2: =72000/(1000) -> 72 | J2: 0.949 | K2: -0.098 | L2: 0.186 | M2: 2430 | N2: 1446 | O2: 1106 | P2: 0.741 | Q2: 0.691 | R2: 0.124 | S2: 0.481 | T2: 3253
A3: Denmark | B3: Western Europe | C3: =7620/(1000) -> 7.62 | D3: 0.035 | E3: 7687 | F3: 7552 | G3: =10933/(1000) -> 10.933 | H3: 0.954 | I3: =72700/(1000) -> 72.7 | J3: 0.946 | K3: 0.03 | L3: 0.179 | M3: 2430 | N3: 1502 | O3: 1108 | P3: 0.763 | Q3: 0.686 | R3: 0.208 | S3: 0.485 | T3: 2868
A4: Switzerland | B4: Western Europe | C4: =7571/(1000) -> 7.571 | D4: 0.036 | E4: 7643 | F4: 7500 | G4: =11117/(1000) -> 11.117 | H4: 0.942 | I4: =74400/(1000) -> 74.4 | J4: 0.919 | K4: 0.025 | L4: 0.292 | M4: 2430 | N4: 1566 | O4: 1079 | P4: 0.816 | Q4: 0.653 | R4: 0.204 | S4: 0.413 | T4: 2839
A5: Iceland | B5: Western Europe | C5: =7554/(1000) -> 7.554 | D5: 0.059 | E5: 7670 | F5: 7438 | G5: =10878/(1000) -> 10.878 | H5: 0.983 | I5: =73000/(1000) -> 73 | J5: 0.955 | K5: 0.16 | L5: 0.673 | M5: 2430 | N5: 1482 | O5: 1172 | P5: 0.772 | Q5: 0.698 | R5: 0.293 | S5: 0.17 | T5: 2967
A6: Netherlands | B6: Western Europe | C6: =7464/(1000) -> 7.464 | D6: 0.027 | E6: 7518 | F6: 7410 | G6: =10932/(1000) -> 10.932 | H6: 0.942 | I6: =72400/(1000) -> 72.4 | J6: 0.913 | K6: 0.175 | L6: 0.338 | M6: 2430 | N6: 1501 | O6: 1079 | P6: 0.753 | Q6: 0.647 | R6: 0.302 | S6: 0.384 | T6: 2798
A7: Norway | B7: Western Europe | C7: =7392/(1000) -> 7.392 | D7: 0.035 | E7: 7462 | F7: 7323 | G7: =11053/(1000) -> 11.053 | H7: 0.954 | I7: =73300/(1000) -> 73.3 | J7: 0.96 | K7: 0.093 | L7: 0.27 | M7: 2430 | N7: 1543 | O7: 1108 | P7: 0.782 | Q7: 0.703 | R7: 0.249 | S7: 0.427 | T7: 2580
A8: Sweden | B8: Western Europe | C8: =7363/(1000) -> 7.363 | D8: 0.036 | E8: 7433 | F8: 7293 | G8: =10867/(1000) -> 10.867 | H8: 0.934 | I8: =72700/(1000) -> 72.7 | J8: 0.945 | K8: 0.086 | L8: 0.237 | M8: 2430 | N8: 1478 | O8: 1062 | P8: 0.763 | Q8: 0.685 | R8: 0.244 | S8: 0.448 | T8: 2683
A9: Luxembourg | B9: Western Europe | C9: =7324/(1000) -> 7.324 | D9: 0.037 | E9: 7396 | F9: 7252 | G9: =11647/(1000) -> 11.647 | H9: 0.908 | I9: =72600/(1000) -> 72.6 | J9: 0.907 | K9: -0.034 | L9: 0.386 | M9: 2430 | N9: 1751 | O9: 1003 | P9: 0.76 | Q9: 0.639 | R9: 0.166 | S9: 0.353 | T9: 2653
A10: New Zealand | B10: North America and ANZ | C10: =7277/(1000) -> 7.277 | D10: 0.04 | E10: 7355 | F10: 7198 | G10: =10643/(1000) -> 10.643 | H10: 0.948 | I10: =73400/(1000) -> 73.4 | J10: 0.929 | K10: 0.134 | L10: 0.242 | M10: 2430 | N10: 1400 | O10: 1094 | P10: 0.785 | Q10: 0.665 | R10: 0.276 | S10: 0.445 | T10: 2612
A11: Austria | B11: Western Europe | C11: =7268/(1000) -> 7.268 | D11: 0.036 | E11: 7337 | F11: 7198 | G11: =10906/(1000) -> 10.906 | H11: 0.934 | I11: =73300/(1000) -> 73.3 | J11: 0.908 | K11: 0.042 | L11: 0.481 | M11: 2430 | N11: 1492 | O11: 1062 | P11: 0.782 | Q11: 0.64 | R11: 0.215 | S11: 0.292 | T11: 2784
A12: Australia | B12: North America and ANZ | C12: =7183/(1000) -> 7.183 | D12: 0.041 | E12: 7265 | F12: 7102 | G12: =10796/(1000) -> 10.796 | H12: 0.94 | I12: =73900/(1000) -> 73.9 | J12: 0.914 | K12: 0.159 | L12: 0.442 | M12: 2430 | N12: 1453 | O12: 1076 | P12: 0.801 | Q12: 0.647 | R12: 0.291 | S12: 0.317 | T12: 2598
A13: Israel | B13: Middle East and North Africa | C13: =7157/(1000) -> 7.157 | D13: 0.034 | E13: 7224 | F13: 7090 | G13: =10575/(1000) -> 10.575 | H13: 0.939 | I13: =73503/(1000) -> 73.503 | J13: 0.8 | K13: 0.031 | L13: 0.753 | M13: 2430 | N13: 1376 | O13: 1074 | P13: 0.788 | Q13: 0.509 | R13: 0.208 | S13: 0.119 | T13: 3083
A14: Germany | B14: Western Europe | C14: =7155/(1000) -> 7.155 | D14: 0.04 | E14: 7232 | F14: 7077 | G14: =10873/(1000) -> 10.873 | H14: 0.903 | I14: =72500/(1000) -> 72.5 | J14: 0.875 | K14: 0.011 | L14: 0.46 | M14: 2430 | N14: 1480 | O14: 0.993 | P14: 0.757 | Q14: 0.6 | R14: 0.195 | S14: 0.306 | T14: 2824
A15: Canada | B15: North America and ANZ | C15: =7103/(1000) -> 7.103 | D15: 0.042 | E15: 7185 | F15: 7021 | G15: =10776/(1000) -> 10.776 | H15: 0.926 | I15: =73800/(1000) -> 73.8 | J15: 0.915 | K15: 0.089 | L15: 0.415 | M15: 2430 | N15: 1447 | O15: 1044 | P15: 0.798 | Q15: 0.648 | R15: 0.246 | S15: 0.335 | T15: 2585
A16: Ireland | B16: Western Europe | C16: =7085/(1000) -> 7.085 | D16: 0.04 | E16: 7164 | F16: 7006 | G16: =11342/(1000) -> 11.342 | H16: 0.947 | I16: =72400/(1000) -> 72.4 | J16: 0.879 | K16: 0.077 | L16: 0.363 | M16: 2430 | N16: 1644 | O16: 1092 | P16: 0.753 | Q16: 0.606 | R16: 0.238 | S16: 0.367 | T16: 2384
A17: Costa Rica | B17: Latin America and Caribbean | C17: =7069/(1000) -> 7.069 | D17: 0.056 | E17: 7179 | F17: 6960 | G17: =9880/(1000) -> 9.88 | H17: 0.891 | I17: =71400/(1000) -> 71.4 | J17: 0.934 | K17: -0.126 | L17: 0.809 | M17: 2430 | N17: 1134 | O17: 0.966 | P17: 0.722 | Q17: 0.673 | R17: 0.105 | S17: 0.083 | T17: 3387
A18: United Kingdom | B18: Western Europe | C18: =7064/(1000) -> 7.064 | D18: 0.038 | E18: 7138 | F18: 6990 | G18: =10707/(1000) -> 10.707 | H18: 0.934 | I18: =72500/(1000) -> 72.5 | J18: 0.859 | K18: 0.233 | L18: 0.459 | M18: 2430 | N18: 1423 | O18: 1062 | P18: 0.757 | Q18: 0.58 | R18: 0.34 | S18: 0.306 | T18: 2596
A19: Czech Republic | B19: Central and Eastern Europe | C19: =6965/(1000) -> 6.965 | D19: 0.049 | E19: 7062 | F19: 6868 | G19: =10556/(1000) -> 10.556 | H19: 0.947 | I19: =70807/(1000) -> 70.807 | J19: 0.858 | K19: -0.208 | L19: 0.868 | M19: 2430 | N19: 1370 | O19: 1090 | P19: 0.703 | Q19: 0.58 | R19: 0.052 | S19: 0.046 | T19: 3124
A20: United States | B20: North America and ANZ | C20: =6951/(1000) -> 6.951 | D20: 0.049 | E20: 7047 | F20: 6856 | G20: =11023/(1000) -> 11.023 | H20: 0.92 | I20: =68200/(1000) -> 68.2 | J20: 0.837 | K20: 0.098 | L20: 0.698 | M20: 2430 | N20: 1533 | O20: 1030 | P20: 0.621 | Q20: 0.554 | R20: 0.252 | S20: 0.154 | T20: 2807
A21: Belgium | B21: Western Europe | C21: =6834/(1000) -> 6.834 | D21: 0.034 | E21: 6901 | F21: 6767 | G21: =10823/(1000) -> 10.823 | H21: 0.906 | I21: =72199/(1000) -> 72.199 | J21: 0.783 | K21: -0.153 | L21: 0.646 | M21: 2430 | N21: 1463 | O21: 0.998 | P21: 0.747 | Q21: 0.489 | R21: 0.088 | S21: 0.187 | T21: 2862
A22: France | B22: Western Europe | C22: =6690/(1000) -> 6.69 | D22: 0.037 | E22: 6762 | F22: 6618 | G22: =10704/(1000) -> 10.704 | H22: 0.942 | I22: =74000/(1000) -> 74 | J22: 0.822 | K22: -0.147 | L22: 0.571 | M22: 2430 | N22: 1421 | O22: 1081 | P22: 0.804 | Q22: 0.536 | R22: 0.092 | S22: 0.235 | T22: 2521
A23: Bahrain | B23: Middle East and North Africa | C23: =6647/(1000) -> 6.647 | D23: 0.068 | E23: 6779 | F23: 6514 | G23: =10669/(1000) -> 10.669 | H23: 0.862 | I23: =69495/(1000) -> 69.495 | J23: 0.925 | K23: 0.089 | L23: 0.722 | M23: 2430 | N23: 1409 | O23: 0.899 | P23: 0.662 | Q23: 0.661 | R23: 0.246 | S23: 0.139 | T23: 2631
A24: Malta | B24: Western Europe | C24: =6602/(1000) -> 6.602 | D24: 0.044 | E24: 6688 | F24: 6516 | G24: =10674/(1000) -> 10.674 | H24: 0.931 | I24: =72200/(1000) -> 72.2 | J24: 0.927 | K24: 0.133 | L24: 0.653 | M24: 2430 | N24: 1411 | O24: 1055 | P24: 0.747 | Q24: 0.664 | R24: 0.275 | S24: 0.183 | T24: 2268
A25: Taiwan Province of China | B25: East Asia | C25: =6584/(1000) -> 6.584 | D25: 0.038 | E25: 6659 | F25: 6510 | G25: =10871/(1000) -> 10.871 | H25: 0.898 | I25: =69600/(1000) -> 69.6 | J25: 0.784 | K25: -0.07 | L25: 0.721 | M25: 2430 | N25: 1480 | O25: 0.982 | P25: 0.665 | Q25: 0.49 | R25: 0.142 | S25: 0.139 | T25: 2687
A26: United Arab Emirates | B26: Middle East and North Africa | C26: =6561/(1000) -> 6.561 | D26: 0.039 | E26: 6637 | F26: 6484 | G26: =11085/(1000) -> 11.085 | H26: 0.844 | I26: =67333/(1000) -> 67.333 | J26: 0.932 | K26: 0.074 | L26: 0.589 | M26: 2430 | N26: 1555 | O26: 0.86 | P26: 0.594 | Q26: 0.67 | R26: 0.236 | S26: 0.223 | T26: 2422
A27: Saudi Arabia | B27: Middle East and North Africa | C27: =6494/(1000) -> 6.494 | D27: 0.056 | E27: 6604 | F27: 6384 | G27: =10743/(1000) -> 10.743 | H27: 0.891 | I27: =66603/(1000) -> 66.603 | J27: 0.877 | K27: -0.149 | L27: 0.684 | M27: 2430 | N27: 1435 | O27: 0.964 | P27: 0.571 | Q27: 0.603 | R27: 0.09 | S27: 0.163 | T27: 2668
A28: Spain | B28: Western Europe | C28: =6491/(1000) -> 6.491 | D28: 0.042 | E28: 6574 | F28: 6408 | G28: =10571/(1000) -> 10.571 | H28: 0.932 | I28: =74700/(1000) -> 74.7 | J28: 0.761 | K28: -0.081 | L28: 0.745 | M28: 2430 | N28: 1375 | O28: 1057 | P28: 0.826 | Q28: 0.462 | R28: 0.135 | S28: 0.124 | T28: 2513
A29: Italy | B29: Western Europe | C29: =6483/(1000) -> 6.483 | D29: 0.045 | E29: 6572 | F29: 6395 | G29: =10623/(1000) -> 10.623 | H29: 0.88 | I29: =73800/(1000) -> 73.8 | J29: 0.693 | K29: -0.084 | L29: 0.866 | M29: 2430 | N29: 1393 | O29: 0.94 | P29: 0.798 | Q29: 0.379 | R29: 0.133 | S29: 0.047 | T29: 2794
A30: Slovenia | B30: Central and Eastern Europe | C30: =6461/(1000) -> 6.461 | D30: 0.043 | E30: 6546 | F30: 6376 | G30: =10529/(1000) -> 10.529 | H30: 0.948 | I30: =71400/(1000) -> 71.4 | J30: 0.949 | K30: -0.101 | L30: 0.806 | M30: 2430 | N30: 1360 | O30: 1093 | P30: 0.722 | Q30: 0.69 | R30: 0.122 | S30: 0.085 | T30: 2388
A31: Guatemala | B31: Latin America and Caribbean | C31: =6435/(1000) -> 6.435 | D31: 0.073 | E31: 6577 | F31: 6292 | G31: =9053/(1000) -> 9.053 | H31: 0.813 | I31: =64958/(1000) -> 64.958 | J31: 0.906 | K31: -0.038 | L31: 0.775 | M31: 2430 | N31: 0.845 | O31: 0.79 | P31: 0.519 | Q31: 0.638 | R31: 0.163 | S31: 0.105 | T31: 3375
A32: Uruguay | B32: Latin America and Caribbean | C32: =6431/(1000) -> 6.431 | D32: 0.046 | E32: 6521 | F32: 6341 | G32: =9966/(1000) -> 9.966 | H32: 0.925 | I32: =69100/(1000) -> 69.1 | J32: 0.896 | K32: -0.092 | L32: 0.59 | M32: 2430 | N32: 1164 | O32: 1042 | P32: 0.649 | Q32: 0.625 | R32: 0.128 | S32: 0.223 | T32: 2600
A33: Singapore | B33: Southeast Asia | C33: =6377/(1000) -> 6.377 | D33: 0.043 | E33: 6460 | F33: 6293 | G33: =11488/(1000) -> 11.488 | H33: 0.915 | I33: =76953/(1000) -> 76.953 | J33: 0.927 | K33: -0.018 | L33: 0.082 | M33: 2430 | N33: 1695 | O33: 1019 | P33: 0.897 | Q33: 0.664 | R33: 0.176 | S33: 0.547 | T33: 1379
A34: Kosovo | B34: Central and Eastern Europe | C34: =6372/(1000) -> 6.372 | D34: 0.059 | E34: 6487 | F34: 6257 | G34: =9318/(1000) -> 9.318 | H34: 0.821 | I34: =63813/(1000) -> 63.813 | J34: 0.869 | K34: 0.257 | L34: 0.917 | M34: 2430 | N34: 0.937 | O34: 0.807 | P34: 0.483 | Q34: 0.593 | R34: 0.356 | S34: 0.014 | T34: 3182
A35: Slovakia | B35: Central and Eastern Europe | C35: =6331/(1000) -> 6.331 | D35: 0.041 | E35: 6411 | F35: 6251 | G35: =10369/(1000) -> 10.369 | H35: 0.936 | I35: =69201/(1000) -> 69.201 | J35: 0.766 | K35: -0.124 | L35: 0.911 | M35: 2430 | N35: 1304 | O35: 1066 | P35: 0.653 | Q35: 0.468 | R35: 0.107 | S35: 0.018 | T35: 2714
A36: Brazil | B36: Latin America and Caribbean | C36: =6330/(1000) -> 6.33 | D36: 0.043 | E36: 6415 | F36: 6245 | G36: =9577/(1000) -> 9.577 | H36: 0.882 | I36: =66601/(1000) -> 66.601 | J36: 0.804 | K36: -0.071 | L36: 0.756 | M36: 2430 | N36: 1028 | O36: 0.944 | P36: 0.571 | Q36: 0.514 | R36: 0.142 | S36: 0.117 | T36: 3015
A37: Mexico | B37: Latin America and Caribbean | C37: =6317/(1000) -> 6.317 | D37: 0.053 | E37: 6420 | F37: 6213 | G37: =9859/(1000) -> 9.859 | H37: 0.831 | I37: =68597/(1000) -> 68.597 | J37: 0.862 | K37: -0.147 | L37: 0.799 | M37: 2430 | N37: 1126 | O37: 0.83 | P37: 0.634 | Q37: 0.585 | R37: 0.092 | S37: 0.089 | T37: 2961
A38: Jamaica | B38: Latin America and Caribbean | C38: =6309/(1000) -> 6.309 | D38: 0.156 | E38: 6615 | F38: 6004 | G38: =9186/(1000) -> 9.186 | H38: 0.877 | I38: =67500/(1000) -> 67.5 | J38: 0.89 | K38: -0.137 | L38: 0.884 | M38: 2430 | N38: 0.891 | O38: 0.932 | P38: 0.599 | Q38: 0.618 | R38: 0.099 | S38: 0.035 | T38: 3135
A39: Lithuania | B39: Central and Eastern Europe | C39: =6255/(1000) -> 6.255 | D39: 0.045 | E39: 6344 | F39: 6167 | G39: =10499/(1000) -> 10.499 | H39: 0.935 | I39: =67906/(1000) -> 67.906 | J39: 0.773 | K39: -0.203 | L39: 0.826 | M39: 2430 | N39: 1350 | O39: 1065 | P39: 0.612 | Q39: 0.476 | R39: 0.056 | S39: 0.073 | T39: 2624
A40: Cyprus | B40: Western Europe | C40: =6223/(1000) -> 6.223 | D40: 0.049 | E40: 6319 | F40: 6128 | G40: =10576/(1000) -> 10.576 | H40: 0.802 | I40: =73898/(1000) -> 73.898 | J40: 0.763 | K40: -0.015 | L40: 0.844 | M40: 2430 | N40: 1377 | O40: 0.765 | P40: 0.801 | Q40: 0.464 | R40: 0.178 | S40: 0.061 | T40: 2578
A41: Estonia | B41: Central and Eastern Europe | C41: =6189/(1000) -> 6.189 | D41: 0.038 | E41: 6263 | F41: 6115 | G41: =10481/(1000) -> 10.481 | H41: 0.941 | I41: =68800/(1000) -> 68.8 | J41: 0.909 | K41: -0.106 | L41: 0.527 | M41: 2430 | N41: 1344 | O41: 1079 | P41: 0.64 | Q41: 0.641 | R41: 0.119 | S41: 0.263 | T41: 2103
A42: Panama | B42: Latin America and Caribbean | C42: =6180/(1000) -> 6.18 | D42: 0.073 | E42: 6323 | F42: 6036 | G42: =10350/(1000) -> 10.35 | H42: 0.896 | I42: =69652/(1000) -> 69.652 | J42: 0.872 | K42: -0.166 | L42: 0.856 | M42: 2430 | N42: 1298 | O42: 0.976 | P42: 0.667 | Q42: 0.596 | R42: 0.079 | S42: 0.053 | T42: 2509
A43: Uzbekistan | B43: Commonwealth of Independent States | C43: =6179/(1000) -> 6.179 | D43: 0.068 | E43: 6312 | F43: 6045 | G43: =8836/(1000) -> 8.836 | H43: 0.918 | I43: =65255/(1000) -> 65.255 | J43: 0.97 | K43: 0.311 | L43: 0.515 | M43: 2430 | N43: 0.769 | O43: 1027 | P43: 0.528 | Q43: 0.716 | R43: 0.391 | S43: 0.271 | T43: 2477
A44: Chile | B44: Latin America and Caribbean | C44: =6172/(1000) -> 6.172 | D44: 0.046 | E44: 6262 | F44: 6081 | G44: =10071/(1000) -> 10.071 | H44: 0.882 | I44: =70000/(1000) -> 70 | J44: 0.742 | K44: -0.044 | L44: 0.83 | M44: 2430 | N44: 1200 | O44: 0.946 | P44: 0.678 | Q44: 0.438 | R44: 0.159 | S44: 0.07 | T44: 2682
A45: Poland | B45: Central and Eastern Europe | C45: =6166/(1000) -> 6.166 | D45: 0.04 | E45: 6245 | F45: 6087 | G45: =10382/(1000) -> 10.382 | H45: 0.898 | I45: =69702/(1000) -> 69.702 | J45: 0.841 | K45: -0.165 | L45: 0.735 | M45: 2430 | N45: 1309 | O45: 0.982 | P45: 0.668 | Q45: 0.558 | R45: 0.08 | S45: 0.13 | T45: 2438
A46: Kazakhstan | B46: Commonwealth of Independent States | C46: =6152/(1000) -> 6.152 | D46: 0.047 | E46: 6243 | F46: 6060 | G46: =10155/(1000) -> 10.155 | H46: 0.952 | I46: =65200/(1000) -> 65.2 | J46: 0.853 | K46: -0.069 | L46: 0.733 | M46: 2430 | N46: 1230 | O46: 1103 | P46: 0.527 | Q46: 0.573 | R46: 0.143 | S46: 0.132 | T46: 2446
A47: Romania | B47: Central and Eastern Europe | C47: =6140/(1000) -> 6.14 | D47: 0.057 | E47: 6253 | F47: 6027 | G47: =10284/(1000) -> 10.284 | H47: 0.832 | I47: =67355/(1000) -> 67.355 | J47: 0.845 | K47: -0.219 | L47: 0.938 | M47: 2430 | N47: 1275 | O47: 0.832 | P47: 0.595 | Q47: 0.564 | R47: 0.045 | S47: 0.001 | T47: 2830
A48: Kuwait | B48: Middle East and North Africa | C48: =6106/(1000) -> 6.106 | D48: 0.066 | E48: 6235 | F48: 5977 | G48: =10817/(1000) -> 10.817 | H48: 0.843 | I48: =66900/(1000) -> 66.9 | J48: 0.867 | K48: -0.104 | L48: 0.736 | M48: 2430 | N48: 1461 | O48: 0.857 | P48: 0.58 | Q48: 0.591 | R48: 0.12 | S48: 0.13 | T48: 2368
A49: Serbia | B49: Central and Eastern Europe | C49: =6078/(1000) -> 6.078 | D49: 0.053 | E49: 6181 | F49: 5974 | G49: =9787/(1000) -> 9.787 | H49: 0.873 | I49: =68600/(1000) -> 68.6 | J49: 0.778 | K49: 0.002 | L49: 0.835 | M49: 2430 | N49: 1101 | O49: 0.924 | P49: 0.634 | Q49: 0.482 | R49: 0.189 | S49: 0.066 | T49: 2682
A50: El Salvador | B50: Latin America and Caribbean | C50: =6061/(1000) -> 6.061 | D50: 0.065 | E50: 6188 | F50: 5933 | G50: =9054/(1000) -> 9.054 | H50: 0.762 | I50: =66402/(1000) -> 66.402 | J50: 0.888 | K50: -0.11 | L50: 0.688 | M50: 2430 | N50: 0.845 | O50: 0.675 | P50: 0.565 | Q50: 0.615 | R50: 0.116 | S50: 0.16 | T50: 3085
A51: Mauritius | B51: Sub-Saharan Africa | C51: =6049/(1000) -> 6.049 | D51: 0.059 | E51: 6165 | F51: 5933 | G51: =10008/(1000) -> 10.008 | H51: 0.905 | I51: =66701/(1000) -> 66.701 | J51: 0.867 | K51: -0.054 | L51: 0.789 | M51: 2430 | N51: 1178 | O51: 0.996 | P51: 0.574 | Q51: 0.59 | R51: 0.153 | S51: 0.096 | T51: 2462
A52: Latvia | B52: Central and Eastern Europe | C52: =6032/(1000) -> 6.032 | D52: 0.036 | E52: 6103 | F52: 5961 | G52: =10315/(1000) -> 10.315 | H52: 0.927 | I52: =67100/(1000) -> 67.1 | J52: 0.715 | K52: -0.162 | L52: 0.8 | M52: 2430 | N52: 1285 | O52: 1047 | P52: 0.587 | Q52: 0.405 | R52: 0.082 | S52: 0.089 | T52: 2536
A53: Colombia | B53: Latin America and Caribbean | C53: =6012/(1000) -> 6.012 | D53: 0.061 | E53: 6132 | F53: 5892 | G53: =9557/(1000) -> 9.557 | H53: 0.847 | I53: =68001/(1000) -> 68.001 | J53: 0.837 | K53: -0.135 | L53: 0.841 | M53: 2430 | N53: 1021 | O53: 0.866 | P53: 0.615 | Q53: 0.554 | R53: 0.1 | S53: 0.063 | T53: 2794
A54: Hungary | B54: Central and Eastern Europe | C54: =5992/(1000) -> 5.992 | D54: 0.047 | E54: 6085 | F54: 5899 | G54: =10358/(1000) -> 10.358 | H54: 0.943 | I54: =68000/(1000) -> 68 | J54: 0.755 | K54: -0.186 | L54: 0.876 | M54: 2430 | N54: 1301 | O54: 1083 | P54: 0.615 | Q54: 0.454 | R54: 0.067 | S54: 0.04 | T54: 2432
A55: Thailand | B55: Southeast Asia | C55: =5985/(1000) -> 5.985 | D55: 0.047 | E55: 6077 | F55: 5893 | G55: =9805/(1000) -> 9.805 | H55: 0.888 | I55: =67401/(1000) -> 67.401 | J55: 0.884 | K55: 0.287 | L55: 0.895 | M55: 2430 | N55: 1107 | O55: 0.957 | P55: 0.596 | Q55: 0.611 | R55: 0.375 | S55: 0.028 | T55: 2309
A56: Nicaragua | B56: Latin America and Caribbean | C56: =5972/(1000) -> 5.972 | D56: 0.083 | E56: 6134 | F56: 5810 | G56: =8620/(1000) -> 8.62 | H56: 0.864 | I56: =67657/(1000) -> 67.657 | J56: 0.836 | K56: 0.02 | L56: 0.664 | M56: 2430 | N56: 0.693 | O56: 0.904 | P56: 0.604 | Q56: 0.553 | R56: 0.201 | S56: 0.176 | T56: 2841
A57: Japan | B57: East Asia | C57: =5940/(1000) -> 5.94 | D57: 0.04 | E57: 6020 | F57: 5861 | G57: =10611/(1000) -> 10.611 | H57: 0.884 | I57: =75100/(1000) -> 75.1 | J57: 0.796 | K57: -0.258 | L57: 0.638 | M57: 2430 | N57: 1389 | O57: 0.949 | P57: 0.838 | Q57: 0.504 | R57: 0.02 | S57: 0.192 | T57: 2048
A58: Argentina | B58: Latin America and Caribbean | C58: =5929/(1000) -> 5.929 | D58: 0.056 | E58: 6040 | F58: 5819 | G58: =9962/(1000) -> 9.962 | H58: 0.898 | I58: =69000/(1000) -> 69 | J58: 0.828 | K58: -0.182 | L58: 0.834 | M58: 2430 | N58: 1162 | O58: 0.98 | P58: 0.646 | Q58: 0.544 | R58: 0.069 | S58: 0.067 | T58: 2461
A59: Portugal | B59: Western Europe | C59: =5929/(1000) -> 5.929 | D59: 0.055 | E59: 6037 | F59: 5821 | G59: =10421/(1000) -> 10.421 | H59: 0.879 | I59: =72600/(1000) -> 72.6 | J59: 0.892 | K59: -0.244 | L59: 0.887 | M59: 2430 | N59: 1323 | O59: 0.939 | P59: 0.76 | Q59: 0.621 | R59: 0.029 | S59: 0.033 | T59: 2225
A60: Honduras | B60: Latin America and Caribbean | C60: =5919/(1000) -> 5.919 | D60: 0.082 | E60: 6081 | F60: 5758 | G60: =8648/(1000) -> 8.648 | H60: 0.812 | I60: =67300/(1000) -> 67.3 | J60: 0.857 | K60: 0.081 | L60: 0.809 | M60: 2430 | N60: 0.703 | O60: 0.787 | P60: 0.593 | Q60: 0.578 | R60: 0.241 | S60: 0.083 | T60: 2934
A61: Croatia | B61: Central and Eastern Europe | C61: =5882/(1000) -> 5.882 | D61: 0.048 | E61: 5975 | F61: 5788 | G61: =10217/(1000) -> 10.217 | H61: 0.924 | I61: =70799/(1000) -> 70.799 | J61: 0.754 | K61: -0.118 | L61: 0.939 | M61: 2430 | N61: 1251 | O61: 1039 | P61: 0.703 | Q61: 0.453 | R61: 0.111 | S61: 0 | T61: 2325
A62: Philippines | B62: Southeast Asia | C62: =5880/(1000) -> 5.88 | D62: 0.052 | E62: 5982 | F62: 5778 | G62: =9076/(1000) -> 9.076 | H62: 0.83 | I62: =62000/(1000) -> 62 | J62: 0.917 | K62: -0.097 | L62: 0.742 | M62: 2430 | N62: 0.853 | O62: 0.828 | P62: 0.426 | Q62: 0.651 | R62: 0.125 | S62: 0.126 | T62: 2872
A63: South Korea | B63: East Asia | C63: =5845/(1000) -> 5.845 | D63: 0.042 | E63: 5928 | F63: 5763 | G63: =10651/(1000) -> 10.651 | H63: 0.799 | I63: =73900/(1000) -> 73.9 | J63: 0.672 | K63: -0.083 | L63: 0.727 | M63: 2430 | N63: 1403 | O63: 0.758 | P63: 0.801 | Q63: 0.353 | R63: 0.134 | S63: 0.135 | T63: 2262
A64: Peru | B64: Latin America and Caribbean | C64: =5840/(1000) -> 5.84 | D64: 0.075 | E64: 5988 | F64: 5692 | G64: =9458/(1000) -> 9.458 | H64: 0.832 | I64: =68250/(1000) -> 68.25 | J64: 0.822 | K64: -0.154 | L64: 0.891 | M64: 2430 | N64: 0.986 | O64: 0.833 | P64: 0.623 | Q64: 0.536 | R64: 0.087 | S64: 0.031 | T64: 2744
A65: Bosnia and Herzegovina | B65: Central and Eastern Europe | C65: =5813/(1000) -> 5.813 | D65: 0.05 | E65: 5911 | F65: 5715 | G65: =9590/(1000) -> 9.59 | H65: 0.87 | I65: =68098/(1000) -> 68.098 | J65: 0.706 | K65: 0.113 | L65: 0.931 | M65: 2430 | N65: 1032 | O65: 0.919 | P65: 0.618 | Q65: 0.395 | R65: 0.261 | S65: 0.005 | T65: 2583
A66: Moldova | B66: Commonwealth of Independent States | C66: =5766/(1000) -> 5.766 | D66: 0.046 | E66: 5856 | F66: 5677 | G66: =9454/(1000) -> 9.454 | H66: 0.857 | I66: =65699/(1000) -> 65.699 | J66: 0.822 | K66: -0.079 | L66: 0.918 | M66: 2430 | N66: 0.985 | O66: 0.888 | P66: 0.542 | Q66: 0.536 | R66: 0.137 | S66: 0.013 | T66: 2665
A67: Ecuador | B67: Latin America and Caribbean | C67: =5764/(1000) -> 5.764 | D67: 0.057 | E67: 5875 | F67: 5653 | G67: =9313/(1000) -> 9.313 | H67: 0.821 | I67: =68800/(1000) -> 68.8 | J67: 0.842 | K67: -0.124 | L67: 0.843 | M67: 2430 | N67: 0.935 | O67: 0.806 | P67: 0.64 | Q67: 0.56 | R67: 0.107 | S67: 0.062 | T67: 2653
A68: Kyrgyzstan | B68: Commonwealth of Independent States | C68: =5744/(1000) -> 5.744 | D68: 0.046 | E68: 5834 | F68: 5653 | G68: =8538/(1000) -> 8.538 | H68: 0.893 | I68: =64401/(1000) -> 64.401 | J68: 0.935 | K68: 0.119 | L68: 0.908 | M68: 2430 | N68: 0.665 | O68: 0.971 | P68: 0.501 | Q68: 0.673 | R68: 0.266 | S68: 0.02 | T68: 2648
A69: Greece | B69: Western Europe | C69: =5723/(1000) -> 5.723 | D69: 0.046 | E69: 5813 | F69: 5632 | G69: =10279/(1000) -> 10.279 | H69: 0.823 | I69: =72600/(1000) -> 72.6 | J69: 0.582 | K69: -0.288 | L69: 0.823 | M69: 2430 | N69: 1273 | O69: 0.811 | P69: 0.76 | Q69: 0.243 | R69: 0 | S69: 0.074 | T69: 2561
A70: Bolivia | B70: Latin America and Caribbean | C70: =5716/(1000) -> 5.716 | D70: 0.053 | E70: 5819 | F70: 5613 | G70: =9046/(1000) -> 9.046 | H70: 0.81 | I70: =63901/(1000) -> 63.901 | J70: 0.875 | K70: -0.077 | L70: 0.839 | M70: 2430 | N70: 0.842 | O70: 0.782 | P70: 0.486 | Q70: 0.6 | R70: 0.138 | S70: 0.064 | T70: 2805
A71: Mongolia | B71: East Asia | C71: =5677/(1000) -> 5.677 | D71: 0.042 | E71: 5760 | F71: 5595 | G71: =9400/(1000) -> 9.4 | H71: 0.935 | I71: =62500/(1000) -> 62.5 | J71: 0.708 | K71: 0.116 | L71: 0.856 | M71: 2430 | N71: 0.966 | O71: 1065 | P71: 0.442 | Q71: 0.397 | R71: 0.263 | S71: 0.053 | T71: 2492
A72: Paraguay | B72: Latin America and Caribbean | C72: =5653/(1000) -> 5.653 | D72: 0.092 | E72: 5832 | F72: 5473 | G72: =9448/(1000) -> 9.448 | H72: 0.893 | I72: =65900/(1000) -> 65.9 | J72: 0.876 | K72: 0.028 | L72: 0.882 | M72: 2430 | N72: 0.983 | O72: 0.97 | P72: 0.549 | Q72: 0.602 | R72: 0.206 | S72: 0.037 | T72: 2306
A73: Montenegro | B73: Central and Eastern Europe | C73: =5581/(1000) -> 5.581 | D73: 0.054 | E73: 5686 | F73: 5475 | G73: =9940/(1000) -> 9.94 | H73: 0.858 | I73: =68699/(1000) -> 68.699 | J73: 0.708 | K73: -0.034 | L73: 0.812 | M73: 2430 | N73: 1155 | O73: 0.891 | P73: 0.637 | Q73: 0.397 | R73: 0.166 | S73: 0.081 | T73: 2254
A74: Dominican Republic | B74: Latin America and Caribbean | C74: =5545/(1000) -> 5.545 | D74: 0.071 | E74: 5685 | F74: 5405 | G74: =9802/(1000) -> 9.802 | H74: 0.853 | I74: =66102/(1000) -> 66.102 | J74: 0.86 | K74: -0.133 | L74: 0.714 | M74: 2430 | N74: 1106 | O74: 0.879 | P74: 0.555 | Q74: 0.581 | R74: 0.101 | S74: 0.144 | T74: 2178
A75: North Cyprus | B75: Western Europe | C75: =5536/(1000) -> 5.536 | D75: 0.051 | E75: 5636 | F75: 5435 | G75: =10576/(1000) -> 10.576 | H75: 0.82 | I75: =73898/(1000) -> 73.898 | J75: 0.795 | K75: 0.012 | L75: 0.626 | M75: 2430 | N75: 1377 | O75: 0.806 | P75: 0.801 | Q75: 0.503 | R75: 0.196 | S75: 0.2 | T75: 1653
A76: Belarus | B76: Commonwealth of Independent States | C76: =5534/(1000) -> 5.534 | D76: 0.047 | E76: 5625 | F76: 5442 | G76: =9853/(1000) -> 9.853 | H76: 0.91 | I76: =66253/(1000) -> 66.253 | J76: 0.65 | K76: -0.18 | L76: 0.627 | M76: 2430 | N76: 1124 | O76: 1007 | P76: 0.56 | Q76: 0.326 | R76: 0.07 | S76: 0.199 | T76: 2247
A77: Russia | B77: Commonwealth of Independent States | C77: =5477/(1000) -> 5.477 | D77: 0.033 | E77: 5541 | F77: 5413 | G77: =10189/(1000) -> 10.189 | H77: 0.903 | I77: =64703/(1000) -> 64.703 | J77: 0.718 | K77: -0.111 | L77: 0.845 | M77: 2430 | N77: 1241 | O77: 0.992 | P77: 0.511 | Q77: 0.409 | R77: 0.115 | S77: 0.06 | T77: 2148
A78: Hong Kong S.A.R. of China | B78: East Asia | C78: =5477/(1000) -> 5.477 | D78: 0.049 | E78: 5573 | F78: 5380 | G78: =11000/(1000) -> 11 | H78: 0.836 | I78: =76820/(1000) -> 76.82 | J78: 0.717 | K78: 0.067 | L78: 0.403 | M78: 2430 | N78: 1525 | O78: 0.841 | P78: 0.893 | Q78: 0.408 | R78: 0.232 | S78: 0.342 | T78: 1236
A79: Tajikistan | B79: Commonwealth of Independent States | C79: =5466/(1000) -> 5.466 | D79: 0.034 | E79: 5532 | F79: 5400 | G79: =8091/(1000) -> 8.091 | H79: 0.86 | I79: =64281/(1000) -> 64.281 | J79: 0.832 | K79: -0.056 | L79: 0.553 | M79: 2430 | N79: 0.508 | O79: 0.895 | P79: 0.498 | Q79: 0.548 | R79: 0.152 | S79: 0.247 | T79: 2619
A80: Vietnam | B80: Southeast Asia | C80: =5411/(1000) -> 5.411 | D80: 0.039 | E80: 5488 | F80: 5334 | G80: =8973/(1000) -> 8.973 | H80: 0.85 | I80: =68034/(1000) -> 68.034 | J80: 0.94 | K80: -0.098 | L80: 0.796 | M80: 2430 | N80: 0.817 | O80: 0.873 | P80: 0.616 | Q80: 0.679 | R80: 0.124 | S80: 0.091 | T80: 2211
A81: Libya | B81: Middle East and North Africa | C81: =5410/(1000) -> 5.41 | D81: 0.076 | E81: 5558 | F81: 5262 | G81: =9622/(1000) -> 9.622 | H81: 0.827 | I81: =62300/(1000) -> 62.3 | J81: 0.771 | K81: -0.087 | L81: 0.667 | M81: 2430 | N81: 1044 | O81: 0.821 | P81: 0.435 | Q81: 0.474 | R81: 0.131 | S81: 0.174 | T81: 2331
A82: Malaysia | B82: Southeast Asia | C82: =5384/(1000) -> 5.384 | D82: 0.049 | E82: 5480 | F82: 5289 | G82: =10238/(1000) -> 10.238 | H82: 0.817 | I82: =67102/(1000) -> 67.102 | J82: 0.895 | K82: 0.125 | L82: 0.839 | M82: 2430 | N82: 1259 | O82: 0.797 | P82: 0.587 | Q82: 0.624 | R82: 0.27 | S82: 0.064 | T82: 1784
A83: Indonesia | B83: Southeast Asia | C83: =5345/(1000) -> 5.345 | D83: 0.056 | E83: 5454 | F83: 5235 | G83: =9365/(1000) -> 9.365 | H83: 0.811 | I83: =62236/(1000) -> 62.236 | J83: 0.873 | K83: 0.542 | L83: 0.867 | M83: 2430 | N83: 0.954 | O83: 0.786 | P83: 0.433 | Q83: 0.598 | R83: 0.541 | S83: 0.046 | T83: 1987
A84: Congo (Brazzaville) | B84: Sub-Saharan Africa | C84: =5342/(1000) -> 5.342 | D84: 0.097 | E84: 5533 | F84: 5151 | G84: =8117/(1000) -> 8.117 | H84: 0.636 | I84: =58221/(1000) -> 58.221 | J84: 0.695 | K84: -0.068 | L84: 0.745 | M84: 2430 | N84: 0.518 | O84: 0.392 | P84: 0.307 | Q84: 0.381 | R84: 0.144 | S84: 0.124 | T84: 3476
A85: China | B85: East Asia | C85: =5339/(1000) -> 5.339 | D85: 0.029 | E85: 5397 | F85: 5281 | G85: =9673/(1000) -> 9.673 | H85: 0.811 | I85: =69593/(1000) -> 69.593 | J85: 0.904 | K85: -0.146 | L85: 0.755 | M85: 2430 | N85: 1061 | O85: 0.785 | P85: 0.665 | Q85: 0.636 | R85: 0.093 | S85: 0.117 | T85: 1982
A86: Ivory Coast | B86: Sub-Saharan Africa | C86: =5306/(1000) -> 5.306 | D86: 0.078 | E86: 5460 | F86: 5152 | G86: =8551/(1000) -> 8.551 | H86: 0.644 | I86: =50114/(1000) -> 50.114 | J86: 0.741 | K86: -0.016 | L86: 0.794 | M86: 2430 | N86: 0.669 | O86: 0.409 | P86: 0.052 | Q86: 0.438 | R86: 0.177 | S86: 0.092 | T86: 3469
A87: Armenia | B87: Commonwealth of Independent States | C87: =5283/(1000) -> 5.283 | D87: 0.058 | E87: 5397 | F87: 5168 | G87: =9487/(1000) -> 9.487 | H87: 0.799 | I87: =67055/(1000) -> 67.055 | J87: 0.825 | K87: -0.168 | L87: 0.629 | M87: 2430 | N87: 0.996 | O87: 0.758 | P87: 0.585 | Q87: 0.54 | R87: 0.079 | S87: 0.198 | T87: 2127
A88: Nepal | B88: South Asia | C88: =5269/(1000) -> 5.269 | D88: 0.07 | E88: 5406 | F88: 5132 | G88: =8120/(1000) -> 8.12 | H88: 0.774 | I88: =64233/(1000) -> 64.233 | J88: 0.782 | K88: 0.152 | L88: 0.727 | M88: 2430 | N88: 0.519 | O88: 0.702 | P88: 0.496 | Q88: 0.488 | R88: 0.287 | S88: 0.135 | T88: 2642
A89: Bulgaria | B89: Central and Eastern Europe | C89: =5266/(1000) -> 5.266 | D89: 0.054 | E89: 5371 | F89: 5160 | G89: =10016/(1000) -> 10.016 | H89: 0.931 | I89: =67000/(1000) -> 67 | J89: 0.788 | K89: -0.096 | L89: 0.932 | M89: 2430 | N89: 1181 | O89: 1055 | P89: 0.583 | Q89: 0.494 | R89: 0.125 | S89: 0.005 | T89: 1823
A90: Maldives | B90: South Asia | C90: =5198/(1000) -> 5.198 | D90: 0.072 | E90: 5339 | F90: 5057 | G90: =9826/(1000) -> 9.826 | H90: 0.913 | I90: =70600/(1000) -> 70.6 | J90: 0.854 | K90: 0.024 | L90: 0.825 | M90: 2430 | N90: 1115 | O90: 1015 | P90: 0.697 | Q90: 0.575 | R90: 0.204 | S90: 0.073 | T90: 1520
A91: Azerbaijan | B91: Commonwealth of Independent States | C91: =5171/(1000) -> 5.171 | D91: 0.04 | E91: 5250 | F91: 5091 | G91: =9569/(1000) -> 9.569 | H91: 0.836 | I91: =65656/(1000) -> 65.656 | J91: 0.814 | K91: -0.223 | L91: 0.506 | M91: 2430 | N91: 1025 | O91: 0.841 | P91: 0.541 | Q91: 0.526 | R91: 0.043 | S91: 0.276 | T91: 1919
A92: Cameroon | B92: Sub-Saharan Africa | C92: =5142/(1000) -> 5.142 | D92: 0.074 | E92: 5288 | F92: 4996 | G92: =8189/(1000) -> 8.189 | H92: 0.71 | I92: =53515/(1000) -> 53.515 | J92: 0.731 | K92: 0.026 | L92: 0.848 | M92: 2430 | N92: 0.543 | O92: 0.556 | P92: 0.159 | Q92: 0.425 | R92: 0.205 | S92: 0.058 | T92: 3195
A93: Senegal | B93: Sub-Saharan Africa | C93: =5132/(1000) -> 5.132 | D93: 0.068 | E93: 5266 | F93: 4998 | G93: =8118/(1000) -> 8.118 | H93: 0.71 | I93: =59802/(1000) -> 59.802 | J93: 0.695 | K93: -0.046 | L93: 0.801 | M93: 2430 | N93: 0.518 | O93: 0.558 | P93: 0.357 | Q93: 0.381 | R93: 0.158 | S93: 0.088 | T93: 3071
A94: Albania | B94: Central and Eastern Europe | C94: =5117/(1000) -> 5.117 | D94: 0.059 | E94: 5234 | F94: 5001 | G94: =9520/(1000) -> 9.52 | H94: 0.697 | I94: =68999/(1000) -> 68.999 | J94: 0.785 | K94: -0.03 | L94: 0.901 | M94: 2430 | N94: 1008 | O94: 0.529 | P94: 0.646 | Q94: 0.491 | R94: 0.168 | S94: 0.024 | T94: 2250
A95: North Macedonia | B95: Central and Eastern Europe | C95: =5101/(1000) -> 5.101 | D95: 0.051 | E95: 5202 | F95: 5001 | G95: =9693/(1000) -> 9.693 | H95: 0.805 | I95: =65474/(1000) -> 65.474 | J95: 0.751 | K95: 0.038 | L95: 0.905 | M95: 2430 | N95: 1068 | O95: 0.772 | P95: 0.535 | Q95: 0.45 | R95: 0.212 | S95: 0.022 | T95: 2042
A96: Ghana | B96: Sub-Saharan Africa | C96: =5088/(1000) -> 5.088 | D96: 0.067 | E96: 5219 | F96: 4958 | G96: =8580/(1000) -> 8.58 | H96: 0.727 | I96: =57586/(1000) -> 57.586 | J96: 0.807 | K96: 0.123 | L96: 0.848 | M96: 2430 | N96: 0.68 | O96: 0.595 | P96: 0.287 | Q96: 0.517 | R96: 0.268 | S96: 0.058 | T96: 2684
A97: Niger | B97: Sub-Saharan Africa | C97: =5074/(1000) -> 5.074 | D97: 0.102 | E97: 5273 | F97: 4875 | G97: =7098/(1000) -> 7.098 | H97: 0.641 | I97: =53780/(1000) -> 53.78 | J97: 0.806 | K97: 0.018 | L97: 0.693 | M97: 2430 | N97: 0.162 | O97: 0.402 | P97: 0.167 | Q97: 0.516 | R97: 0.2 | S97: 0.157 | T97: 3470
A98: Turkmenistan | B98: Commonwealth of Independent States | C98: =5066/(1000) -> 5.066 | D98: 0.036 | E98: 5136 | F98: 4996 | G98: =9629/(1000) -> 9.629 | H98: 0.983 | I98: =62409/(1000) -> 62.409 | J98: 0.877 | K98: 0.273 | L98: 0.888 | M98: 2430 | N98: 1046 | O98: 1172 | P98: 0.439 | Q98: 0.602 | R98: 0.366 | S98: 0.033 | T98: 1409
A99: Gambia | B99: Sub-Saharan Africa | C99: =5051/(1000) -> 5.051 | D99: 0.089 | E99: 5225 | F99: 4877 | G99: =7686/(1000) -> 7.686 | H99: 0.69 | I99: =55160/(1000) -> 55.16 | J99: 0.697 | K99: 0.424 | L99: 0.746 | M99: 2430 | N99: 0.367 | O99: 0.511 | P99: 0.21 | Q99: 0.384 | R99: 0.465 | S99: 0.123 | T99: 2990
A100: Benin | B100: Sub-Saharan Africa | C100: =5045/(1000) -> 5.045 | D100: 0.073 | E100: 5189 | F100: 4901 | G100: =8087/(1000) -> 8.087 | H100: 0.489 | I100: =54713/(1000) -> 54.713 | J100: 0.757 | K100: -0.034 | L100: 0.661 | M100: 2430 | N100: 0.507 | O100: 0.058 | P100: 0.196 | Q100: 0.457 | R100: 0.166 | S100: 0.178 | T100: 3482
...

Sheet analiza
A1: Row Labels | B1: Count of Regional indicator
A2: Central and Eastern Europe | B2: 17
A3: Commonwealth of Independent States | B3: 12
A4: East Asia | B4: 6
A5: Latin America and Caribbean | B5: 20
A6: Middle East and North Africa | B6: 17
A7: North America and ANZ | B7: 4
A8: South Asia | B8: 7
A9: Southeast Asia | B9: 9
A10: Sub-Saharan Africa | B10: 36
A11: Western Europe | B11: 21
A12: Grand Total | B12: 149
A14: Katera komponenta (GDP, zdravje, podpora …) ima najmočnejšo povezavo s srečo (Ladder score)?
A16: Uporaba Pearsonovega koeficienta korelacije (r), ki napove korelacijo:
A17: ,=CORREL(X;X)
A18: Povezava med ladder score (vrednost sreče) in komponento
A19: GDP | B19: =CORREL(podatki!$C$2:$C$150,podatki!$G$2:$G$150) -> 0.7897597 | C19: Močna pozitivna korelacija (najmočnejša) | D19: Vrednost r | E19: Pomen
A20: Social support | B20: =CORREL(podatki!$H$2:$H$150,podatki!$C$2:$C$150) -> 0.75688765 | C20: Močna pozitivna korelacija | D20: +1.00 | E20: Popolna pozitivna korelacija (npr. več B = več A)
A21: Healthy life expectancy | B21: =CORREL(podatki!$I$2:$I$150,podatki!$C$2:$C$150) -> 0.76809946 | C21: Močna pozitivna korelacija | D21: +0.50 do +0.99 | E21: Močna pozitivna korelacija
A22: Freedom to make life choices | B22: =CORREL(podatki!$J$2:$J$150,podatki!$C$2:$C$150) -> 0.60775307 | C22: Močna pozitivna korelacija | D22: +0.10 do +0.49 | E22: Šibka pozitivna korelacija
A23: Generosity | B23: =CORREL(podatki!$K$2:$K$150,podatki!$C$2:$C$150) -> -0.017799277 | C23: Ni korelacije | D23: 0.00 | E23: Ni korelacije
A24: Perceptions of corruption | B24: =CORREL(podatki!$L$2:$L$150,podatki!$C$2:$C$150) -> -0.42114 | C24: Šibka negativna korelacija | D24: −0.10 do −0.49 | E24: Šibka negativna korelacija
D25: −0.50 do −0.99 | E25: Močna negativna korelacija
A26: Row Labels | B26: Average of Ladder score | C26: Average of Logged GDP per capita | D26: Number of countries | E26: Popolna negativna korelacija
A27: Central and Eastern Europe | B27: 5984.7647 | C27: 10109.059 | D27: 17
A28: Commonwealth of Independent States | B28: 5467 | C28: 9401.8333 | D28: 12
A29: East Asia | B29: 5810.3333 | C29: 10367.667 | D29: 6
A30: Latin America and Caribbean | B30: 5908.05 | C30: 9370 | D30: 20
A31: Middle East and North Africa | B31: 5219.7647 | C31: 9666.1176 | D31: 17
A32: North America and ANZ | B32: 7128.5 | C32: 10809.5 | D32: 4
A33: South Asia | B33: 4441.8571 | C33: 8682.5714 | D33: 7
A34: Southeast Asia | B34: 5407.5556 | C34: 9421.4444 | D34: 9
A35: Sub-Saharan Africa | B35: 4494.4722 | C35: 8075.1944 | D35: 36
A36: Western Europe | B36: 6914.9048 | C36: 10822.714 | D36: 21
A37: Grand Total | B37: 5532.8389 | C37: 9432.2081 | D37: 149
A43: 1. Ali večja svoboda izbire življenja vedno pomeni manjšo korupcijo?
A45: Pearsonov koeficient ®:
A46: Med svobodo in korupcijo
A47: =CORREL(podatki!$J$2:$J$150,podatki!$L$2:$L$150) -> -0.40136297 | B47: Šibka negativna korelacija
B49: Number of countries | C49: Freedom to make life choices | D49: Perceptions of corruption
A50: {=_xlfn.UNIQUE(podatki!B2:B150)} -> Western Europe | B50: =COUNTIF(podatki!$B$1:$B$150,"Western Europe") -> 21 | C50: =AVERAGEIFS(podatki!$J$2:$J$150,podatki!$B$2:$B$150,"Western Europe") -> 0.85871429 | D50: =AVERAGEIFS(podatki!$L$2:$L$150,podatki!$B$2:$B$150,"Western Europe") -> 0.52309524
A51: North America and ANZ | B51: =COUNTIF(podatki!$B$1:$B$150,"North america and anz") -> 4 | C51: =AVERAGEIFS(podatki!$J$2:$J$150,podatki!$B$2:$B$150,"North America and anz") -> 0.89875 | D51: =AVERAGEIFS(podatki!$L$2:$L$150,podatki!$B$2:$B$150,"North America and anz") -> 0.44925
A52: Middle East and North Africa | B52: =COUNTIF(podatki!$B$1:$B$150,"middle east and north africa") -> 17 | C52: =AVERAGEIFS(podatki!$J$2:$J$150,podatki!$B$2:$B$150,"middle east and north africa") -> 0.71647059 | D52: =AVERAGEIFS(podatki!$L$2:$L$150,podatki!$B$2:$B$150,"middle east and north africa") -> 0.76223529
A53: Latin America and Caribbean | B53: =COUNTIF(podatki!$B$1:$B$150,"latin america and caribbean") -> 20 | C53: =AVERAGEIFS(podatki!$J$2:$J$150,podatki!$B$2:$B$150,"latin america and caribbean") -> 0.83175 | D53: =AVERAGEIFS(podatki!$L$2:$L$150,podatki!$B$2:$B$150,"latin america and caribbean") -> 0.7926
A54: Central and Eastern Europe | B54: =COUNTIF(podatki!$B$1:$B$150,"central and eastern europe") -> 17 | C54: =AVERAGEIFS(podatki!$J$2:$J$150,podatki!$B$2:$B$150,"central and eastern europe") -> 0.79705882 | D54: =AVERAGEIFS(podatki!$L$2:$L$150,podatki!$B$2:$B$150,"central and eastern europe") -> 0.85052941
A55: East Asia | B55: =COUNTIF(podatki!$B$1:$B$150,"east asia") -> 6 | C55: =AVERAGEIFS(podatki!$J$2:$J$150,podatki!$B$2:$B$150,"east asia") -> 0.7635 | D55: =AVERAGEIFS(podatki!$L$2:$L$150,podatki!$B$2:$B$150,"east asia") -> 0.68333333
A56: Southeast Asia | B56: =COUNTIF(podatki!$B$1:$B$150,"southeast asia") -> 9 | C56: =AVERAGEIFS(podatki!$J$2:$J$150,podatki!$B$2:$B$150,"southeast asia") -> 0.909 | D56: =AVERAGEIFS(podatki!$L$2:$L$150,podatki!$B$2:$B$150,"southeast asia") -> 0.70911111
A57: Commonwealth of Independent States | B57: =COUNTIF(podatki!$B$1:$B$150,"commonwealth of independent states") -> 12 | C57: =AVERAGEIFS(podatki!$J$2:$J$150,podatki!$B$2:$B$150,"commonwealth of independent states") -> 0.81691667 | D57: =AVERAGEIFS(podatki!$L$2:$L$150,podatki!$B$2:$B$150,"commonwealth of independent states") -> 0.72508333
A58: Sub-Saharan Africa | B58: =COUNTIF(podatki!$B$1:$B$150,"sub-saharan africa") -> 36 | C58: =AVERAGEIFS(podatki!$J$2:$J$150,podatki!$B$2:$B$150,"sub-saharan africa") -> 0.72319444 | D58: =AVERAGEIFS(podatki!$L$2:$L$150,podatki!$B$2:$B$150,"sub-saharan africa") -> 0.76594444
A59: South Asia | B59: =COUNTIF(podatki!$B$1:$B$150,"south asia") -> 7 | C59: =AVERAGEIFS(podatki!$J$2:$J$150,podatki!$B$2:$B$150,"south asia") -> 0.765 | D59: =AVERAGEIFS(podatki!$L$2:$L$150,podatki!$B$2:$B$150,"south asia") -> 0.79742857
A60: (data<sort)
A61: Freedom to make life choices | B61: Perceptions of corruption | C61: log(freedom) | D61: log(corruption) | E61: Zadrži | F61: There is no obvious and significant correlation between freedom and corruption. Culture? History? Religion?
A62: 0.382 | B62: 0.924 | C62: =LOG10(A62) -> -0.41793664 | D62: =LOG10(B62) -> -0.034328029 | E62: =IF(ABS($B$211-B62)<=0.1*$B$211,"da","ne") -> ne
A63: 0.48 | B63: 0.752 | C63: =LOG10(A63) -> -0.31875876 | D63: =LOG10(B63) -> -0.12378216 | E63: =IF(ABS($B$211-B63)<=0.1*$B$211,"da","ne") -> da
A64: 0.525 | B64: 0.898 | C64: =LOG10(A64) -> -0.2798407 | D64: =LOG10(B64) -> -0.046723663 | E64: =IF(ABS($B$211-B64)<=0.1*$B$211,"da","ne") -> ne
A65: 0.548 | B65: 0.781 | C65: =LOG10(A65) -> -0.26121944 | D65: =LOG10(B65) -> -0.10734897 | E65: =IF(ABS($B$211-B65)<=0.1*$B$211,"da","ne") -> da
A66: 0.552 | B66: 0.803 | C66: =LOG10(A66) -> -0.25806092 | D66: =LOG10(B66) -> -0.095284455 | E66: =IF(ABS($B$211-B66)<=0.1*$B$211,"da","ne") -> ne
A67: 0.561 | B67: 0.731 | C67: =LOG10(A67) -> -0.25103714 | D67: =LOG10(B67) -> -0.13608262 | E67: =IF(ABS($B$211-B67)<=0.1*$B$211,"da","ne") -> da
A68: 0.576 | B68: 0.776 | C68: =LOG10(A68) -> -0.23957752 | D68: =LOG10(B68) -> -0.11013828 | E68: =IF(ABS($B$211-B68)<=0.1*$B$211,"da","ne") -> da
A69: 0.579 | B69: 0.807 | C69: =LOG10(A69) -> -0.23732144 | D69: =LOG10(B69) -> -0.093126465 | E69: =IF(ABS($B$211-B69)<=0.1*$B$211,"da","ne") -> ne
A70: 0.582 | B70: 0.823 | C70: =LOG10(A70) -> -0.23507702 | D70: =LOG10(B70) -> -0.084600165 | E70: =IF(ABS($B$211-B70)<=0.1*$B$211,"da","ne") -> ne
A71: 0.593 | B71: 0.721 | C71: =LOG10(A71) -> -0.22694531 | D71: =LOG10(B71) -> -0.14206474 | E71: =IF(ABS($B$211-B71)<=0.1*$B$211,"da","ne") -> da
A72: 0.602 | B72: 0.8 | C72: =LOG10(A72) -> -0.22040351 | D72: =LOG10(B72) -> -0.096910013 | E72: =IF(ABS($B$211-B72)<=0.1*$B$211,"da","ne") -> da
A73: 0.608 | B73: 0.714 | C73: =LOG10(A73) -> -0.21609642 | D73: =LOG10(B73) -> -0.14630179 | E73: =IF(ABS($B$211-B73)<=0.1*$B$211,"da","ne") -> da
... A210: 0.97 | B210: 0.515 | C210: =LOG10(A210) -> -0.013228266 | D210: =LOG10(B210) -> -0.28819277 | E210: =IF(ABS($B$211-B210)<=0.1*$B$211,"da","ne") -> ne
B211: =AVERAGE(B62:B210) -> 0.72744966
A212: {=_xlfn._xlws.FILTER(A62:D210,E62:E210="da")} -> 0.48 | B212: 0.752 | C212: -0.31875876 | D212: -0.12378216
A213: 0.548 | B213: 0.781 | C213: -0.26121944 | D213: -0.10734897
A214: 0.561 | B214: 0.731 | C214: -0.25103714 | D214: -0.13608262
A215: 0.576 | B215: 0.776 | C215: -0.23957752 | D215: -0.11013828
A216: 0.593 | B216: 0.721 | C216: -0.22694531 | D216: -0.14206474
A217: 0.602 | B217: 0.8 | C217: -0.22040351 | D217: -0.096910013
A218: 0.608 | B218: 0.714 | C218: -0.21609642 | D218: -0.14630179
A219: 0.619 | B219: 0.772 | C219: -0.20830935 | D219: -0.1123827
A220: 0.647 | B220: 0.708 | C220: -0.18909572 | D220: -0.14996674
A221: 0.672 | B221: 0.727 | C221: -0.17263073 | D221: -0.13846559
A222: 0.695 | B222: 0.745 | C222: -0.1580152 | D222: -0.12784373
A223: 0.695 | B223: 0.748 | C223: -0.1580152 | D223: -0.1260984
A224: 0.697 | B224: 0.746 | C224: -0.15676722 | D224: -0.12726117
... A262: 0.955 | B262: 0.673 | C262: -0.019996628 | D262: -0.17198494

Sheet Sheet1
A1: Healthy life expectancy | B1: Generosity | J1: 1. Je bolj zdrava populacija tudi bolj velikodušna?
A2: 48478 | B2: 0.041 | J2: r
A3: 48700 | B3: -0.131 | J3: =CORREL(podatki!$I$2:$I$150,podatki!$K$2:$K$150) -> -0.16175028 | K3: šibka negativna korelacija
A4: 50102 | B4: 0.037 | J4: Po mojem mnenju korelacija ni signifikantna
A5: 50114 | B5: -0.016
A6: 50833 | B6: -0.185
A7: 51651 | B7: 0.084
A8: 51969 | B8: -0.036
A9: 52493 | B9: -0.102
A10: 53400 | B10: -0.024
A11: 53515 | B11: 0.026
A12: 53780 | B12: 0.018
A13: 54151 | B13: -0.009
A14: 54706 | B14: 0.061
A15: 54713 | B15: -0.034
A16: 54914 | B16: 0.032
... A150: 76953 | B150: -0.018

Sheet Sheet2
A1: 🔹 2. Regionalna porazdelitev
A2: ✅ Cilj: Preveri razlike med regijami
A3: 1. Ugotovi regijo z največjim povprečjem Ladder score
A4: 2. Primerjaj regije glede razkoraka med 'perceived corruption' in GDP
A5: 3. Dodaj regijsko lestvico: uredi države znotraj regij po Ladder score
A7: 1. Ugotovi regijo z največjim povprečjem Ladder score
A8: Row Labels | B8: Average of Ladder score
A9: Central and Eastern Europe | B9: 5984.7647
A10: Commonwealth of Independent States | B10: 5467
A11: East Asia | B11: 5810.3333
A12: Latin America and Caribbean | B12: 5908.05
A13: Middle East and North Africa | B13: 5219.7647
A14: North America and ANZ | B14: 7128.5 | C14: North america and anz has the highest average Ladder score
A15: South Asia | B15: 4441.8571
A16: Southeast Asia | B16: 5407.5556
A17: Sub-Saharan Africa | B17: 4494.4722
A18: Western Europe | B18: 6914.9048
A19: Grand Total | B19: 5532.8389
A21: 2. Primerjaj regije glede razkoraka med 'perceived corruption' in GDP
A22: Normalizacija perceived corruption in GDP
A24: Ko so podatki na različnoih skalah-> uporaba grafa | C24: Corruption | D24: GDP
A25: normalizacija=(vrednost-min)/razlika | B25: Min | C25: =MIN(podatki!L2:L150) -> 0.082 | D25: =MIN(podatki!G2:G150) -> 6.635
A26: Uporaba funkcije MIN in MAX | B26: Max | C26: =MAX(podatki!L2:L150) -> 0.939 | D26: =MAX(podatki!G2:G150) -> 11.647
B27: Razlika | C27: =C26-C25 -> 0.857 | D27: =D26-D25 -> 5.012
A29: Logged GDP per capita | B29: Perceptions of corruption | C29: Normalized GDP | D29: Normalized corruption | E29: Regional indicator
A30: 10775 | B30: 0.186 | C30: =(A30-$D$25)/$D$27 -> 2148.5166 | D30: =(B30-$C$25)/$C$27 -> 0.12135356 | E30: Western Europe
A31: 10933 | B31: 0.179 | C31: =(A31-$D$25)/$D$27 -> 2180.0409 | D31: =(B31-$C$25)/$C$27 -> 0.11318553 | E31: Western Europe
A32: 11117 | B32: 0.292 | C32: =(A32-$D$25)/$D$27 -> 2216.7528 | D32: =(B32-$C$25)/$C$27 -> 0.24504084 | E32: Western Europe
A33: 10878 | B33: 0.673 | C33: =(A33-$D$25)/$D$27 -> 2169.0672 | D33: =(B33-$C$25)/$C$27 -> 0.68961494 | E33: Western Europe
A34: 10932 | B34: 0.338 | C34: =(A34-$D$25)/$D$27 -> 2179.8414 | D34: =(B34-$C$25)/$C$27 -> 0.29871645 | E34: Western Europe
A35: 11053 | B35: 0.27 | C35: =(A35-$D$25)/$D$27 -> 2203.9834 | D35: =(B35-$C$25)/$C$27 -> 0.21936989 | E35: Western Europe
A36: 10867 | B36: 0.237 | C36: =(A36-$D$25)/$D$27 -> 2166.8725 | D36: =(B36-$C$25)/$C$27 -> 0.18086348 | E36: Western Europe
A37: 11647 | B37: 0.386 | C37: =(A37-$D$25)/$D$27 -> 2322.499 | D37: =(B37-$C$25)/$C$27 -> 0.35472579 | E37: Western Europe
A38: 10643 | B38: 0.242 | C38: =(A38-$D$25)/$D$27 -> 2122.1798 | D38: =(B38-$C$25)/$C$27 -> 0.18669778 | E38: North America and ANZ
A39: 10906 | B39: 0.481 | C39: =(A39-$D$25)/$D$27 -> 2174.6538 | D39: =(B39-$C$25)/$C$27 -> 0.4655776 | E39: Western Europe
A40: 10796 | B40: 0.442 | C40: =(A40-$D$25)/$D$27 -> 2152.7065 | D40: =(B40-$C$25)/$C$27 -> 0.42007001 | E40: North America and ANZ
A41: 10575 | B41: 0.753 | C41: =(A41-$D$25)/$D$27 -> 2108.6123 | D41: =(B41-$C$25)/$C$27 -> 0.78296383 | E41: Middle East and North Africa
... A64: 9577 | B64: 0.756 | C64: =(A64-$D$25)/$D$27 -> 1909.4902 | D64: =(B64-$C$25)/$C$27 -> 0.78646441 | E64: Latin America and Caribbean
A65: 9859 | B65: 0.799 | C65: =(A65-$D$25)/$D$27 -> 1965.7552 | D65: =(B65-$C$25)/$C$27 -> 0.83663944 | E65: Latin America and Caribbean | H65: 2. Primerjaj regije glede razkoraka med 'perceived corruption' in GDP
A66: 9186 | B66: 0.884 | C66: =(A66-$D$25)/$D$27 -> 1831.4775 | D66: =(B66-$C$25)/$C$27 -> 0.93582264 | E66: Latin America and Caribbean | H66: Row Labels | I66: Average of Normalized corruption | J66: Average of Normalized GDP
A67: 10499 | B67: 0.826 | C67: =(A67-$D$25)/$D$27 -> 2093.4487 | D67: =(B67-$C$25)/$C$27 -> 0.86814469 | E67: Central and Eastern Europe | H67: Central and Eastern Europe | I67: 0.89676711 | J67: 0.69314821
A68: 10576 | B68: 0.844 | C68: =(A68-$D$25)/$D$27 -> 2108.8119 | D68: =(B68-$C$25)/$C$27 -> 0.88914819 | E68: Western Europe | H68: Commonwealth of Independent States | I68: 0.75038895 | J68: 0.55204177
A69: 10481 | B69: 0.527 | C69: =(A69-$D$25)/$D$27 -> 2089.8573 | D69: =(B69-$C$25)/$C$27 -> 0.51925321 | E69: Central and Eastern Europe | H69: East Asia | I69: 0.7016725 | J69: 0.74474594
A70: 10350 | B70: 0.856 | C70: =(A70-$D$25)/$D$27 -> 2063.7201 | D70: =(B70-$C$25)/$C$27 -> 0.90315053 | E70: Latin America and Caribbean | H70: Latin America and Caribbean | I70: 0.82917153 | J70: 0.54569034
A71: 8836 | B71: 0.515 | C71: =(A71-$D$25)/$D$27 -> 1761.6451 | D71: =(B71-$C$25)/$C$27 -> 0.50525088 | E71: Commonwealth of Independent States | H71: Middle East and North Africa | I71: 0.79374013 | J71: 0.60477208
A72: 10071 | B72: 0.83 | C72: =(A72-$D$25)/$D$27 -> 2008.0537 | D72: =(B72-$C$25)/$C$27 -> 0.87281214 | E72: Latin America and Caribbean | H72: North America and ANZ | I72: 0.42852975 | J72: 0.83290104
A73: 10382 | B73: 0.735 | C73: =(A73-$D$25)/$D$27 -> 2070.1047 | D73: =(B73-$C$25)/$C$27 -> 0.76196033 | E73: Central and Eastern Europe | H73: South Asia | I73: 0.8348058 | J73: 0.4085338
A74: 10155 | B74: 0.733 | C74: =(A74-$D$25)/$D$27 -> 2024.8134 | D74: =(B74-$C$25)/$C$27 -> 0.7596266 | E74: Commonwealth of Independent States | H74: Southeast Asia | I74: 0.73175159 | J74: 0.5559546
A75: 10284 | B75: 0.938 | C75: =(A75-$D$25)/$D$27 -> 2050.5517 | D75: =(B75-$C$25)/$C$27 -> 0.99883314 | E75: Central and Eastern Europe | H75: Sub-Saharan Africa | I75: 0.7980682 | J75: 0.28734925
A76: 10817 | B76: 0.736 | C76: =(A76-$D$25)/$D$27 -> 2156.8964 | D76: =(B76-$C$25)/$C$27 -> 0.76312719 | E76: Middle East and North Africa | H76: Western Europe | I76: 0.51469689 | J76: 0.83553757
A77: 9787 | B77: 0.835 | C77: =(A77-$D$25)/$D$27 -> 1951.3897 | D77: =(B77-$C$25)/$C$27 -> 0.87864644 | E77: Central and Eastern Europe | H77: Grand Total | I77: 0.75315013 | J77: 0.55810217
A78: 9054 | B78: 0.688 | C78: =(A78-$D$25)/$D$27 -> 1805.1407 | D78: =(B78-$C$25)/$C$27 -> 0.70711785 | E78: Latin America and Caribbean
A79: 10008 | B79: 0.789 | C79: =(A79-$D$25)/$D$27 -> 1995.4838 | D79: =(B79-$C$25)/$C$27 -> 0.82497083 | E79: Sub-Saharan Africa
A80: 10315 | B80: 0.8 | C80: =(A80-$D$25)/$D$27 -> 2056.7368 | D80: =(B80-$C$25)/$C$27 -> 0.8378063 | E80: Central and Eastern Europe | H80: Row Labels | I80: Average of Normalized corruption | J80: Average of Normalized GDP | K80: Difference betweeen normalized GDP and normalized corruption
A81: 9557 | B81: 0.841 | C81: =(A81-$D$25)/$D$27 -> 1905.4998 | D81: =(B81-$C$25)/$C$27 -> 0.88564761 | E81: Latin America and Caribbean | H81: Central and Eastern Europe | I81: 0.89676711 | J81: 0.69314821 | K81: =ABS(J81-I81) -> 0.2036189
A82: 10358 | B82: 0.876 | C82: =(A82-$D$25)/$D$27 -> 2065.3162 | D82: =(B82-$C$25)/$C$27 -> 0.92648775 | E82: Central and Eastern Europe | H82: Commonwealth of Independent States | I82: 0.75038895 | J82: 0.55204177 | K82: =J82-I82 -> -0.19834719
A83: 9805 | B83: 0.895 | C83: =(A83-$D$25)/$D$27 -> 1954.981 | D83: =(B83-$C$25)/$C$27 -> 0.94865811 | E83: Southeast Asia | H83: East Asia | I83: 0.7016725 | J83: 0.74474594 | K83: =J83-I83 -> 0.043073442
A84: 8620 | B84: 0.664 | C84: =(A84-$D$25)/$D$27 -> 1718.5485 | D84: =(B84-$C$25)/$C$27 -> 0.67911319 | E84: Latin America and Caribbean | H84: Latin America and Caribbean | I84: 0.82917153 | J84: 0.54569034 | K84: =J84-I84 -> -0.28348119
A85: 10611 | B85: 0.638 | C85: =(A85-$D$25)/$D$27 -> 2115.7951 | D85: =(B85-$C$25)/$C$27 -> 0.6487748 | E85: East Asia | H85: Middle East and North Africa | I85: 0.79374013 | J85: 0.60477208 | K85: =J85-I85 -> -0.18896806
A86: 9962 | B86: 0.834 | C86: =(A86-$D$25)/$D$27 -> 1986.3059 | D86: =(B86-$C$25)/$C$27 -> 0.87747958 | E86: Latin America and Caribbean | H86: North America and ANZ | I86: 0.42852975 | J86: 0.83290104 | K86: =J86-I86 -> 0.40437128
A87: 10421 | B87: 0.887 | C87: =(A87-$D$25)/$D$27 -> 2077.8861 | D87: =(B87-$C$25)/$C$27 -> 0.93932322 | E87: Western Europe | H87: South Asia | I87: 0.8348058 | J87: 0.4085338 | K87: =J87-I87 -> -0.426272
A88: 8648 | B88: 0.809 | C88: =(A88-$D$25)/$D$27 -> 1724.1351 | D88: =(B88-$C$25)/$C$27 -> 0.84830805 | E88: Latin America and Caribbean | H88: Southeast Asia | I88: 0.73175159 | J88: 0.5559546 | K88: =J88-I88 -> -0.17579699
A89: 10217 | B89: 0.939 | C89: =(A89-$D$25)/$D$27 -> 2037.1838 | D89: =(B89-$C$25)/$C$27 -> 1 | E89: Central and Eastern Europe | H89: Sub-Saharan Africa | I89: 0.7980682 | J89: 0.28734925 | K89: =J89-I89 -> -0.51071895
A90: 9076 | B90: 0.742 | C90: =(A90-$D$25)/$D$27 -> 1809.5301 | D90: =(B90-$C$25)/$C$27 -> 0.77012835 | E90: Southeast Asia | H90: Western Europe | I90: 0.51469689 | J90: 0.83553757 | K90: =J90-I90 -> 0.32084067
A91: 10651 | B91: 0.727 | C91: =(A91-$D$25)/$D$27 -> 2123.7759 | D91: =(B91-$C$25)/$C$27 -> 0.75262544 | E91: East Asia
A92: 9458 | B92: 0.891 | C92: =(A92-$D$25)/$D$27 -> 1885.7472 | D92: =(B92-$C$25)/$C$27 -> 0.94399067 | E92: Latin America and Caribbean
A93: 9590 | B93: 0.931 | C93: =(A93-$D$25)/$D$27 -> 1912.084 | D93: =(B93-$C$25)/$C$27 -> 0.99066511 | E93: Central and Eastern Europe
A94: 9454 | B94: 0.918 | C94: =(A94-$D$25)/$D$27 -> 1884.9491 | D94: =(B94-$C$25)/$C$27 -> 0.97549592 | E94: Commonwealth of Independent States
A95: 9313 | B95: 0.843 | C95: =(A95-$D$25)/$D$27 -> 1856.8166 | D95: =(B95-$C$25)/$C$27 -> 0.88798133 | E95: Latin America and Caribbean
A96: 8538 | B96: 0.908 | C96: =(A96-$D$25)/$D$27 -> 1702.1877 | D96: =(B96-$C$25)/$C$27 -> 0.9638273 | E96: Commonwealth of Independent States
A97: 10279 | B97: 0.823 | C97: =(A97-$D$25)/$D$27 -> 2049.5541 | D97: =(B97-$C$25)/$C$27 -> 0.86464411 | E97: Western Europe
A98: 9046 | B98: 0.839 | C98: =(A98-$D$25)/$D$27 -> 1803.5445 | D98: =(B98-$C$25)/$C$27 -> 0.88331389 | E98: Latin America and Caribbean
A99: 9400 | B99: 0.856 | C99: =(A99-$D$25)/$D$27 -> 1874.175 | D99: =(B99-$C$25)/$C$27 -> 0.90315053 | E99: East Asia
A100: 9448 | B100: 0.882 | C100: =(A100-$D$25)/$D$27 -> 1883.752 | D100: =(B100-$C$25)/$C$27 -> 0.93348891 | E100: Latin America and Caribbean
A101: 9940 | B101: 0.812 | C101: =(A101-$D$25)/$D$27 -> 1981.9164 | D101: =(B101-$C$25)/$C$27 -> 0.85180863 | E101: Central and Eastern Europe
A102: 9802 | B102: 0.714 | C102: =(A102-$D$25)/$D$27 -> 1954.3825 | D102: =(B102-$C$25)/$C$27 -> 0.73745624 | E102: Latin America and Caribbean
... A110: 10238 | B110: 0.839 | C110: =(A110-$D$25)/$D$27 -> 2041.3737 | D110: =(B110-$C$25)/$C$27 -> 0.88331389 | E110: Southeast Asia
A111: 9365 | B111: 0.867 | C111: =(A111-$D$25)/$D$27 -> 1867.1917 | D111: =(B111-$C$25)/$C$27 -> 0.915986 | E111: Southeast Asia | H111: 3. Dodaj regijsko lestvico: uredi države znotraj regij po Ladder score
A112: 8117 | B112: 0.745 | C112: =(A112-$D$25)/$D$27 -> 1618.1893 | D112: =(B112-$C$25)/$C$27 -> 0.77362894 | E112: Sub-Saharan Africa
A113: 9673 | B113: 0.755 | C113: =(A113-$D$25)/$D$27 -> 1928.6443 | D113: =(B113-$C$25)/$C$27 -> 0.78529755 | E113: East Asia | H113: Regional indicator | I113: Country name | J113: Ladder score
A114: 8551 | B114: 0.794 | C114: =(A114-$D$25)/$D$27 -> 1704.7815 | D114: =(B114-$C$25)/$C$27 -> 0.83080513 | E114: Sub-Saharan Africa | H114: Central and Eastern Europe | I114: Czech Republic | J114: 6965
A115: 9487 | B115: 0.629 | C115: =(A115-$D$25)/$D$27 -> 1891.5333 | D115: =(B115-$C$25)/$C$27 -> 0.63827305 | E115: Commonwealth of Independent States | H115: Central and Eastern Europe | I115: Slovenia | J115: 6461
A116: 8120 | B116: 0.727 | C116: =(A116-$D$25)/$D$27 -> 1618.7879 | D116: =(B116-$C$25)/$C$27 -> 0.75262544 | E116: South Asia | H116: Central and Eastern Europe | I116: Kosovo | J116: 6372
A117: 10016 | B117: 0.932 | C117: =(A117-$D$25)/$D$27 -> 1997.08 | D117: =(B117-$C$25)/$C$27 -> 0.99183197 | E117: Central and Eastern Europe | H117: Central and Eastern Europe | I117: Slovakia | J117: 6331
A118: 9826 | B118: 0.825 | C118: =(A118-$D$25)/$D$27 -> 1959.171 | D118: =(B118-$C$25)/$C$27 -> 0.86697783 | E118: South Asia | H118: Central and Eastern Europe | I118: Lithuania | J118: 6255
A119: 9569 | B119: 0.506 | C119: =(A119-$D$25)/$D$27 -> 1907.8941 | D119: =(B119-$C$25)/$C$27 -> 0.49474912 | E119: Commonwealth of Independent States | H119: Central and Eastern Europe | I119: Estonia | J119: 6189
A120: 8189 | B120: 0.848 | C120: =(A120-$D$25)/$D$27 -> 1632.5549 | D120: =(B120-$C$25)/$C$27 -> 0.89381564 | E120: Sub-Saharan Africa | H120: Central and Eastern Europe | I120: Poland | J120: 6166
A121: 8118 | B121: 0.801 | C121: =(A121-$D$25)/$D$27 -> 1618.3889 | D121: =(B121-$C$25)/$C$27 -> 0.83897316 | E121: Sub-Saharan Africa | H121: Central and Eastern Europe | I121: Romania | J121: 6140
A122: 9520 | B122: 0.901 | C122: =(A122-$D$25)/$D$27 -> 1898.1175 | D122: =(B122-$C$25)/$C$27 -> 0.95565928 | E122: Central and Eastern Europe | H122: Central and Eastern Europe | I122: Serbia | J122: 6078
A123: 9693 | B123: 0.905 | C123: =(A123-$D$25)/$D$27 -> 1932.6347 | D123: =(B123-$C$25)/$C$27 -> 0.96032672 | E123: Central and Eastern Europe | H123: Central and Eastern Europe | I123: Latvia | J123: 6032
A124: 8580 | B124: 0.848 | C124: =(A124-$D$25)/$D$27 -> 1710.5676 | D124: =(B124-$C$25)/$C$27 -> 0.89381564 | E124: Sub-Saharan Africa | H124: Central and Eastern Europe | I124: Hungary | J124: 5992
A125: 7098 | B125: 0.693 | C125: =(A125-$D$25)/$D$27 -> 1414.8773 | D125: =(B125-$C$25)/$C$27 -> 0.71295216 | E125: Sub-Saharan Africa | H125: Central and Eastern Europe | I125: Croatia | J125: 5882
... A178: 7695 | B178: 0.924 | C178: =(A178-$D$25)/$D$27 -> 1533.9914 | D178: =(B178-$C$25)/$C$27 -> 0.98249708 | E178: South Asia | H178: Middle East and North Africa | I178: Iraq | J178: 4854
H179: Middle East and North Africa | I179: Iran | J179: 4721
H180: Middle East and North Africa | I180: Tunisia | J180: 4596
H181: Middle East and North Africa | I181: Lebanon | J181: 4584
H182: Middle East and North Africa | I182: Palestinian Territories | J182: 4517
H183: Middle East and North Africa | I183: Jordan | J183: 4395
H184: Middle East and North Africa | I184: Egypt | J184: 4283
H185: Middle East and North Africa | I185: Yemen | J185: 3658
...

Sheet Sheet3
A1: 🔹 3. Ustvarjanje kazalnikov
A2: ✅ Cilj: Ustvari nov "index"
A3: 1. Izračunaj “Wellbeing index” kot povprečje: GDP + Social support + Freedom – Corruption
A4: 2. Uvrsti države po tem novem kazalniku in primerjaj z uradno Ladder score
A6: Country name | B6: Ladder score | C6: Wellbeing index | D6: Ranking by ladder score | E6: Ranking by wellbeing index | F6: Different ranking (ws-ls)
A7: Finland | B7: 7842 | C7: =IFERROR((AVERAGE(podatki!G2+podatki!H2+podatki!J2)-podatki!L2),"Error") -> 12.492 | D7: =RANK(Sheet3!B7,Sheet3!$B$7:$B$155) -> 1 | E7: =RANK(Sheet3!C7,Sheet3!$C$7:$C$155) -> 8 | F7: =E7-D7 -> 7
A8: Denmark | B8: 7620 | C8: =IFERROR((AVERAGE(podatki!G3+podatki!H3+podatki!J3)-podatki!L3),"Error") -> 12.654 | D8: =RANK(Sheet3!B8,Sheet3!$B$7:$B$155) -> 2 | E8: =RANK(Sheet3!C8,Sheet3!$C$7:$C$155) -> 6 | F8: =E8-D8 -> 4 | I8: Rank | J8: Wellbeing score | K8: Ladder score
A9: Switzerland | B9: 7571 | C9: =IFERROR((AVERAGE(podatki!G4+podatki!H4+podatki!J4)-podatki!L4),"Error") -> 12.686 | D9: =RANK(Sheet3!B9,Sheet3!$B$7:$B$155) -> 3 | E9: =RANK(Sheet3!C9,Sheet3!$C$7:$C$155) -> 5 | F9: =E9-D9 -> 2 | I9: 1 | J9: Singapore | K9: Finland
A10: Iceland | B10: 7554 | C10: =IFERROR((AVERAGE(podatki!G5+podatki!H5+podatki!J5)-podatki!L5),"Error") -> 12.143 | D10: =RANK(Sheet3!B10,Sheet3!$B$7:$B$155) -> 4 | E10: =RANK(Sheet3!C10,Sheet3!$C$7:$C$155) -> 17 | F10: =E10-D10 -> 13 | I10: 2 | J10: Luxembourg | K10: Denmark
A11: Netherlands | B11: 7464 | C11: =IFERROR((AVERAGE(podatki!G6+podatki!H6+podatki!J6)-podatki!L6),"Error") -> 12.449 | D11: =RANK(Sheet3!B11,Sheet3!$B$7:$B$155) -> 5 | E11: =RANK(Sheet3!C11,Sheet3!$C$7:$C$155) -> 9 | F11: =E11-D11 -> 4 | I11: 3 | J11: Ireland | K11: Switzerland
A12: Norway | B12: 7392 | C12: =IFERROR((AVERAGE(podatki!G7+podatki!H7+podatki!J7)-podatki!L7),"Error") -> 12.697 | D12: =RANK(Sheet3!B12,Sheet3!$B$7:$B$155) -> 6 | E12: =RANK(Sheet3!C12,Sheet3!$C$7:$C$155) -> 4 | F12: =E12-D12 -> -2 | I12: 4 | J12: Norway | K12: Iceland
A13: Sweden | B13: 7363 | C13: =IFERROR((AVERAGE(podatki!G8+podatki!H8+podatki!J8)-podatki!L8),"Error") -> 12.509 | D13: =RANK(Sheet3!B13,Sheet3!$B$7:$B$155) -> 7 | E13: =RANK(Sheet3!C13,Sheet3!$C$7:$C$155) -> 7 | F13: =E13-D13 -> 0 | I13: 5 | J13: Switzerland | K13: Netherlands
A14: Luxembourg | B14: 7324 | C14: =IFERROR((AVERAGE(podatki!G9+podatki!H9+podatki!J9)-podatki!L9),"Error") -> 13.076 | D14: =RANK(Sheet3!B14,Sheet3!$B$7:$B$155) -> 8 | E14: =RANK(Sheet3!C14,Sheet3!$C$7:$C$155) -> 2 | F14: =E14-D14 -> -6 | I14: 6 | J14: Denmark | K14: Norway
A15: New Zealand | B15: 7277 | C15: =IFERROR((AVERAGE(podatki!G10+podatki!H10+podatki!J10)-podatki!L10),"Error") -> 12.278 | D15: =RANK(Sheet3!B15,Sheet3!$B$7:$B$155) -> 9 | E15: =RANK(Sheet3!C15,Sheet3!$C$7:$C$155) -> 10 | F15: =E15-D15 -> 1 | I15: 7 | J15: Sweden | K15: Sweden
A16: Austria | B16: 7268 | C16: =IFERROR((AVERAGE(podatki!G11+podatki!H11+podatki!J11)-podatki!L11),"Error") -> 12.267 | D16: =RANK(Sheet3!B16,Sheet3!$B$7:$B$155) -> 10 | E16: =RANK(Sheet3!C16,Sheet3!$C$7:$C$155) -> 12 | F16: =E16-D16 -> 2 | I16: 8 | J16: Finland | K16: Luxembourg
A17: Australia | B17: 7183 | C17: =IFERROR((AVERAGE(podatki!G12+podatki!H12+podatki!J12)-podatki!L12),"Error") -> 12.208 | D17: =RANK(Sheet3!B17,Sheet3!$B$7:$B$155) -> 11 | E17: =RANK(Sheet3!C17,Sheet3!$C$7:$C$155) -> 13 | F17: =E17-D17 -> 2 | I17: 9 | J17: Netherlands | K17: New Zealand
A18: Israel | B18: 7157 | C18: =IFERROR((AVERAGE(podatki!G13+podatki!H13+podatki!J13)-podatki!L13),"Error") -> 11.561 | D18: =RANK(Sheet3!B18,Sheet3!$B$7:$B$155) -> 12 | E18: =RANK(Sheet3!C18,Sheet3!$C$7:$C$155) -> 31 | F18: =E18-D18 -> 19 | I18: 10 | J18: New Zealand | K18: Austria
A19: Germany | B19: 7155 | C19: =IFERROR((AVERAGE(podatki!G14+podatki!H14+podatki!J14)-podatki!L14),"Error") -> 12.191 | D19: =RANK(Sheet3!B19,Sheet3!$B$7:$B$155) -> 13 | E19: =RANK(Sheet3!C19,Sheet3!$C$7:$C$155) -> 15 | F19: =E19-D19 -> 2
A20: Canada | B20: 7103 | C20: =IFERROR((AVERAGE(podatki!G15+podatki!H15+podatki!J15)-podatki!L15),"Error") -> 12.202 | D20: =RANK(Sheet3!B20,Sheet3!$B$7:$B$155) -> 14 | E20: =RANK(Sheet3!C20,Sheet3!$C$7:$C$155) -> 14 | F20: =E20-D20 -> 0
A21: Ireland | B21: 7085 | C21: =IFERROR((AVERAGE(podatki!G16+podatki!H16+podatki!J16)-podatki!L16),"Error") -> 12.805 | D21: =RANK(Sheet3!B21,Sheet3!$B$7:$B$155) -> 15 | E21: =RANK(Sheet3!C21,Sheet3!$C$7:$C$155) -> 3 | F21: =E21-D21 -> -12
A22: Costa Rica | B22: 7069 | C22: =IFERROR((AVERAGE(podatki!G17+podatki!H17+podatki!J17)-podatki!L17),"Error") -> 10.896 | D22: =RANK(Sheet3!B22,Sheet3!$B$7:$B$155) -> 16 | E22: =RANK(Sheet3!C22,Sheet3!$C$7:$C$155) -> 51 | F22: =E22-D22 -> 35
A23: United Kingdom | B23: 7064 | C23: =IFERROR((AVERAGE(podatki!G18+podatki!H18+podatki!J18)-podatki!L18),"Error") -> 12.041 | D23: =RANK(Sheet3!B23,Sheet3!$B$7:$B$155) -> 17 | E23: =RANK(Sheet3!C23,Sheet3!$C$7:$C$155) -> 19 | F23: =E23-D23 -> 2
A24: Czech Republic | B24: 6965 | C24: =IFERROR((AVERAGE(podatki!G19+podatki!H19+podatki!J19)-podatki!L19),"Error") -> 11.493 | D24: =RANK(Sheet3!B24,Sheet3!$B$7:$B$155) -> 18 | E24: =RANK(Sheet3!C24,Sheet3!$C$7:$C$155) -> 33 | F24: =E24-D24 -> 15
A25: United States | B25: 6951 | C25: =IFERROR((AVERAGE(podatki!G20+podatki!H20+podatki!J20)-podatki!L20),"Error") -> 12.082 | D25: =RANK(Sheet3!B25,Sheet3!$B$7:$B$155) -> 19 | E25: =RANK(Sheet3!C25,Sheet3!$C$7:$C$155) -> 18 | F25: =E25-D25 -> -1
A26: Belgium | B26: 6834 | C26: =IFERROR((AVERAGE(podatki!G21+podatki!H21+podatki!J21)-podatki!L21),"Error") -> 11.866 | D26: =RANK(Sheet3!B26,Sheet3!$B$7:$B$155) -> 20 | E26: =RANK(Sheet3!C26,Sheet3!$C$7:$C$155) -> 22 | F26: =E26-D26 -> 2
A27: France | B27: 6690 | C27: =IFERROR((AVERAGE(podatki!G22+podatki!H22+podatki!J22)-podatki!L22),"Error") -> 11.897 | D27: =RANK(Sheet3!B27,Sheet3!$B$7:$B$155) -> 21 | E27: =RANK(Sheet3!C27,Sheet3!$C$7:$C$155) -> 20 | F27: =E27-D27 -> -1
A28: Bahrain | B28: 6647 | C28: =IFERROR((AVERAGE(podatki!G23+podatki!H23+podatki!J23)-podatki!L23),"Error") -> 11.734 | D28: =RANK(Sheet3!B28,Sheet3!$B$7:$B$155) -> 22 | E28: =RANK(Sheet3!C28,Sheet3!$C$7:$C$155) -> 27 | F28: =E28-D28 -> 5
A29: Malta | B29: 6602 | C29: =IFERROR((AVERAGE(podatki!G24+podatki!H24+podatki!J24)-podatki!L24),"Error") -> 11.879 | D29: =RANK(Sheet3!B29,Sheet3!$B$7:$B$155) -> 23 | E29: =RANK(Sheet3!C29,Sheet3!$C$7:$C$155) -> 21 | F29: =E29-D29 -> -2
A30: Taiwan Province of China | B30: 6584 | C30: =IFERROR((AVERAGE(podatki!G25+podatki!H25+podatki!J25)-podatki!L25),"Error") -> 11.832 | D30: =RANK(Sheet3!B30,Sheet3!$B$7:$B$155) -> 24 | E30: =RANK(Sheet3!C30,Sheet3!$C$7:$C$155) -> 23 | F30: =E30-D30 -> -1
... A155: Afghanistan | B155: 2523 | C155: =IFERROR((AVERAGE(podatki!G150+podatki!H150+podatki!J150)-podatki!L150),"Error") -> 7.616 | D155: =RANK(Sheet3!B155,Sheet3!$B$7:$B$155) -> 149 | E155: =RANK(Sheet3!C155,Sheet3!$C$7:$C$155) -> 147 | F155: =E155-D155 -> -2

Sheet Sheet4
A1: 🔹 4. Scenariji in napovedi
A2: ✅ Cilj: Predvidi spremembe in scenarije
A3: 1. Kaj se zgodi z Ladder score, če se GDP poveča za 20 % v Afriki?
A4: 2. Ustvari hipotetično lestvico: Če bi v vsaki državi izboljšali “Freedom” na 0.95
A5: 🔧 Orodja:
A6: FORECAST, IF, WHATIF analysis, GOAL SEEK
A7: Vzemi samo države določene regije z FILTER
B9: =COUNTA(B32:B145) -> 114
A11: Finland | B11: Western Europe | C11: 10775 | D11: 7842 | I11: Burundi | J11: 7.962 | K11: 3.7020687
A12: Denmark | B12: Western Europe | C12: 10933 | D12: 7620 | I12: India | J12: 10.506 | K12: 5.3890162
A13: Switzerland | B13: Western Europe | C13: 11117 | D13: 7571 | I13: Sierra Leone | J13: 8.9208 | K13: 4.3293164
A14: Iceland | B14: Western Europe | C14: 10878 | D14: 7554 | I14: Zambia | J14: 9.774 | K14: 5.0352374
A15: Netherlands | B15: Western Europe | C15: 10932 | D15: 7464 | I15: Togo | J15: 8.8344 | K15: 4.0938899
A16: Norway | B16: Western Europe | C16: 11053 | D16: 7392 | I16: Madagascar | J16: 8.8752 | K16: 4.3611118
A17: Sweden | B17: Western Europe | C17: 10867 | D17: 7363 | I17: Mauritania | J17: 10.2504 | K17: 4.9752801
A18: Luxembourg | B18: Western Europe | C18: 11647 | D18: 7324 | I18: Ethiopia | J18: 9.2328 | K18: 5.1041801
A19: New Zealand | B19: North America and ANZ | C19: 10643 | D19: 7277 | I19: Egypt | J19: 11.2404 | K19: 5.5986704
A20: Austria | B20: Western Europe | C20: 10906 | D20: 7268 | I20: Comoros | J20: 9.6372 | K20: 4.403225
A21: Australia | B21: North America and ANZ | C21: 10796 | D21: 7183 | I21: Swaziland | J21: 10.878 | K21: 5.0550836
B22: Country name | C22: GDP per capita | D22: Ladder score | E22: New GDP
B23: Germany | C23: 10873 | D23: 7155 | I23: Chad | J23: 8.8368 | K23: 3.925041
B24: Canada | C24: 10776 | D24: 7103 | I24: Jordan | J24: 11.0184 | K24: 5.8022654
B25: Ireland | C25: 11342 | D25: 7085 | I25: Myanmar | J25: 10.2492 | K25: 5.9005734
B26: Costa Rica | C26: 9880 | D26: 7069 | I26: Palestinian Territories | J26: 10.182 | K26: 5.2968574
B27: United Kingdom | C27: 10707 | D27: 7064 | I27: Namibia | J27: 10.9932 | K27: 5.4606749
B28: Czech Republic | C28: 10556 | D28: 6965 | I28: Lebanon | J28: 11.5512 | K28: 5.617566
B29: United States | C29: 11023 | D29: 6951 | I29: Tunisia | J29: 11.1192 | K29: 5.3370675
B30: Belgium | C30: 10823 | D30: 6834 | I30: Kenya | J30: 10.0332 | K30: 5.281591
B31: France | C31: 10704 | D31: 6690 | I31: Liberia | J31: 8.7456 | K31: 4.6835511
B32: Mauritius | C32: =10008/(1000) -> 10.008 | D32: =6049/(1000) -> 6.049 | E32: =1.2*C32 -> 12.0096
B33: Malta | C33: =10674/(1000) -> 10.674 | D33: =6602/(1000) -> 6.602 | I33: Iran | J33: 11.5008 | K33: 5.6140474
B34: Taiwan Province of China | C34: =10871/(1000) -> 10.871 | D34: =6584/(1000) -> 6.584 | I34: Mali | J34: 9.2928 | K34: 4.6153495
B35: Botswana | C35: =9782/(1000) -> 9.782 | D35: =3467/(1000) -> 3.467 | E35: =1.2*C35 -> 11.7384
B36: Libya | C36: =9622/(1000) -> 9.622 | D36: =5410/(1000) -> 5.41 | E36: =1.2*C36 -> 11.5464
B37: Spain | C37: =10571/(1000) -> 10.571 | D37: =6491/(1000) -> 6.491 | I37: Cambodia | J37: 10.032 | K37: 5.7699968
B38: Italy | C38: =10623/(1000) -> 10.623 | D38: =6483/(1000) -> 6.483 | I38: Burkina Faso | J38: 9.2136 | K38: 4.584186
B39: Slovenia | C39: =10529/(1000) -> 10.529 | D39: =6461/(1000) -> 6.461 | I39: Gabon | J39: 11.5236 | K39: 5.6105375
B40: Guatemala | C40: =9053/(1000) -> 9.053 | D40: =6435/(1000) -> 6.435 | I40: Iraq | J40: 11.088 | K40: 5.2626454
B41: Uruguay | C41: =9966/(1000) -> 9.966 | D41: =6431/(1000) -> 6.431 | I41: Ukraine | J41: 11.3232 | K41: 5.9855118
B42: Singapore | C42: =11488/(1000) -> 11.488 | D42: =6377/(1000) -> 6.377 | I42: Algeria | J42: 11.2104 | K42: 5.3675607
B43: Kosovo | C43: =9318/(1000) -> 9.318 | D43: =6372/(1000) -> 6.372 | I43: Georgia | J43: 11.502 | K43: 5.678583
B44: Slovakia | C44: =10369/(1000) -> 10.369 | D44: =6331/(1000) -> 6.331 | I44: Venezuela | J44: 10.8876 | K44: 5.6333586
B45: Brazil | C45: =9577/(1000) -> 9.577 | D45: =6330/(1000) -> 6.33 | I45: Morocco | J45: 10.6836 | K45: 5.1270841
B46: Mexico | C46: =9859/(1000) -> 9.859 | D46: =6317/(1000) -> 6.317 | I46: Pakistan | J46: 10.1496 | K46: 5.0096226
B47: Jamaica | C47: =9186/(1000) -> 9.186 | D47: =6309/(1000) -> 6.309 | I47: Turkey | J47: 12.288 | K47: 5.9067009
B48: Lithuania | C48: =10499/(1000) -> 10.499 | D48: =6255/(1000) -> 6.255 | I48: South Africa | J48: 11.2836 | K48: 5.7313531
B49: Cyprus | C49: =10576/(1000) -> 10.576 | D49: =6223/(1000) -> 6.223 | I49: Guinea | J49: 9.4056 | K49: 4.6131293
B50: Estonia | C50: =10481/(1000) -> 10.481 | D50: =6189/(1000) -> 6.189 | I50: Bangladesh | J50: 10.1448 | K50: 5.6133081
B51: Panama | C51: =10350/(1000) -> 10.35 | D51: =6180/(1000) -> 6.18 | I51: Laos | J51: 10.7364 | K51: 5.8292482
B52: Uzbekistan | C52: =8836/(1000) -> 8.836 | D52: =6179/(1000) -> 6.179 | I52: Benin | J52: 9.7044 | K52: 4.4534333
B53: Chile | C53: =10071/(1000) -> 10.071 | D53: =6172/(1000) -> 6.172 | I53: Gambia | J53: 9.2232 | K53: 4.8250299
B54: Poland | C54: =10382/(1000) -> 10.382 | D54: =6166/(1000) -> 6.166 | I54: Turkmenistan | J54: 11.5548 | K54: 6.6428248
B55: Kazakhstan | C55: =10155/(1000) -> 10.155 | D55: =6152/(1000) -> 6.152 | I55: Niger | J55: 8.5176 | K55: 4.5679353
B56: Romania | C56: =10284/(1000) -> 10.284 | D56: =6140/(1000) -> 6.14 | I56: Ghana | J56: 10.296 | K56: 5.3397551
B57: Gabon | C57: =9603/(1000) -> 9.603 | D57: =4852/(1000) -> 4.852 | E57: =1.2*C57 -> 11.5236
B58: Serbia | C58: =9787/(1000) -> 9.787 | D58: =6078/(1000) -> 6.078 | I58: Albania | J58: 11.424 | K58: 5.7945045
B59: El Salvador | C59: =9054/(1000) -> 9.054 | D59: =6061/(1000) -> 6.061 | I59: Senegal | J59: 9.7416 | K59: 4.9515298
B60: South Africa | C60: =9403/(1000) -> 9.403 | D60: =4956/(1000) -> 4.956 | E60: =1.2*C60 -> 11.2836
B61: Latvia | C61: =10315/(1000) -> 10.315 | D61: =6032/(1000) -> 6.032 | I61: Azerbaijan | J61: 11.4828 | K61: 6.2808278
B62: Colombia | C62: =9557/(1000) -> 9.557 | D62: =6012/(1000) -> 6.012 | I62: Maldives | J62: 11.7912 | K62: 6.6848961
B63: Hungary | C63: =10358/(1000) -> 10.358 | D63: =5992/(1000) -> 5.992 | I63: Bulgaria | J63: 12.0192 | K63: 6.442947
B64: Thailand | C64: =9805/(1000) -> 9.805 | D64: =5985/(1000) -> 5.985 | I64: Nepal | J64: 9.744 | K64: 5.5367788
B65: Nicaragua | C65: =8620/(1000) -> 8.62 | D65: =5972/(1000) -> 5.972 | I65: Armenia | J65: 11.3844 | K65: 6.1718255
B66: Japan | C66: =10611/(1000) -> 10.611 | D66: =5940/(1000) -> 5.94 | I66: Ivory Coast | J66: 10.2612 | K66: 4.7474331
B67: Argentina | C67: =9962/(1000) -> 9.962 | D67: =5929/(1000) -> 5.929 | I67: China | J67: 11.6076 | K67: 6.4314294
B68: Portugal | C68: =10421/(1000) -> 10.421 | D68: =5929/(1000) -> 5.929 | I68: Congo (Brazzaville) | J68: 9.7404 | K68: 4.7459201
B69: Honduras | C69: =8648/(1000) -> 8.648 | D69: =5919/(1000) -> 5.919 | I69: Indonesia | J69: 11.238 | K69: 6.2258196
B70: Croatia | C70: =10217/(1000) -> 10.217 | D70: =5882/(1000) -> 5.882 | I70: Malaysia | J70: 12.2856 | K70: 6.5901398
B71: Philippines | C71: =9076/(1000) -> 9.076 | D71: =5880/(1000) -> 5.88 | I71: Libya | J71: 11.5464 | K71: 6.0403172
B72: South Korea | C72: =10651/(1000) -> 10.651 | D72: =5845/(1000) -> 5.845 | I72: Vietnam | J72: 10.7676 | K72: 6.3110436
B73: Peru | C73: =9458/(1000) -> 9.458 | D73: =5840/(1000) -> 5.84 | I73: Tajikistan | J73: 9.7092 | K73: 5.871477
B74: Bosnia and Herzegovina | C74: =9590/(1000) -> 9.59 | D74: =5813/(1000) -> 5.813 | I74: Russia | J74: 12.2268 | K74: 6.2684812
B75: Moldova | C75: =9454/(1000) -> 9.454 | D75: =5766/(1000) -> 5.766 | I75: Hong Kong S.A.R. of China | J75: 13.2 | K75: 7.0720372
B76: Ecuador | C76: =9313/(1000) -> 9.313 | D76: =5764/(1000) -> 5.764 | I76: Belarus | J76: 11.8236 | K76: 6.1901394
B77: Kyrgyzstan | C77: =8538/(1000) -> 8.538 | D77: =5744/(1000) -> 5.744 | I77: North Cyprus | J77: 12.6912 | K77: 6.8035115
B78: Greece | C78: =10279/(1000) -> 10.279 | D78: =5723/(1000) -> 5.723 | I78: Dominican Republic | J78: 11.7624 | K78: 6.4140034
B79: Bolivia | C79: =9046/(1000) -> 9.046 | D79: =5716/(1000) -> 5.716 | I79: Montenegro | J79: 11.928 | K79: 6.2225385
B80: Mongolia | C80: =9400/(1000) -> 9.4 | D80: =5677/(1000) -> 5.677 | I80: Paraguay | J80: 11.3376 | K80: 6.3773788
B81: Paraguay | C81: =9448/(1000) -> 9.448 | D81: =5653/(1000) -> 5.653 | I81: Mongolia | J81: 11.28 | K81: 6.0722958
B82: Montenegro | C82: =9940/(1000) -> 9.94 | D82: =5581/(1000) -> 5.581 | I82: Bolivia | J82: 10.8552 | K82: 5.9622005
B83: Dominican Republic | C83: =9802/(1000) -> 9.802 | D83: =5545/(1000) -> 5.545 | I83: Greece | J83: 12.3348 | K83: 6.0152357
B84: North Cyprus | C84: =10576/(1000) -> 10.576 | D84: =5536/(1000) -> 5.536 | I84: Kyrgyzstan | J84: 10.2456 | K84: 6.1627924
B85: Belarus | C85: =9853/(1000) -> 9.853 | D85: =5534/(1000) -> 5.534 | I85: Ecuador | J85: 11.1756 | K85: 6.1415365
B86: Russia | C86: =10189/(1000) -> 10.189 | D86: =5477/(1000) -> 5.477 | I86: Moldova | J86: 11.3448 | K86: 6.1148163
B87: Hong Kong S.A.R. of China | C87: =11000/(1000) -> 11 | D87: =5477/(1000) -> 5.477 | I87: Bosnia and Herzegovina | J87: 11.508 | K87: 6.0941915
B88: Tajikistan | C88: =8091/(1000) -> 8.091 | D88: =5466/(1000) -> 5.466 | I88: Peru | J88: 11.3496 | K88: 6.1205559
B89: Vietnam | C89: =8973/(1000) -> 8.973 | D89: =5411/(1000) -> 5.411 | I89: South Korea | J89: 12.7812 | K89: 6.4337023
B90: Egypt | C90: =9367/(1000) -> 9.367 | D90: =4283/(1000) -> 4.283 | E90: =1.2*C90 -> 11.2404
B91: Malaysia | C91: =10238/(1000) -> 10.238 | D91: =5384/(1000) -> 5.384 | I91: Croatia | J91: 12.2604 | K91: 6.5275292
B92: Indonesia | C92: =9365/(1000) -> 9.365 | D92: =5345/(1000) -> 5.345 | I92: Honduras | J92: 10.3776 | K92: 5.9761926
B93: Algeria | C93: =9342/(1000) -> 9.342 | D93: =4887/(1000) -> 4.887 | E93: =1.2*C93 -> 11.2104
B94: China | C94: =9673/(1000) -> 9.673 | D94: =5339/(1000) -> 5.339 | I94: Portugal | J94: 12.5052 | K94: 6.8020919
B95: Tunisia | C95: =9266/(1000) -> 9.266 | D95: =4596/(1000) -> 4.596 | E95: =1.2*C95 -> 11.1192
B96: Armenia | C96: =9487/(1000) -> 9.487 | D96: =5283/(1000) -> 5.283 | I96: Nicaragua | J96: 10.344 | K96: 6.1296715
B97: Nepal | C97: =8120/(1000) -> 8.12 | D97: =5269/(1000) -> 5.269 | I97: Thailand | J97: 11.766 | K97: 6.6328132
B98: Bulgaria | C98: =10016/(1000) -> 10.016 | D98: =5266/(1000) -> 5.266 | I98: Hungary | J98: 12.4296 | K98: 6.5524113
B99: Maldives | C99: =9826/(1000) -> 9.826 | D99: =5198/(1000) -> 5.198 | I99: Colombia | J99: 11.4684 | K99: 6.2506949
B100: Azerbaijan | C100: =9569/(1000) -> 9.569 | D100: =5171/(1000) -> 5.171 | I100: Latvia | J100: 12.378 | K100: 6.4454131
B101: Namibia | C101: =9161/(1000) -> 9.161 | D101: =4574/(1000) -> 4.574 | E101: =1.2*C101 -> 10.9932
B102: Swaziland | C102: =9065/(1000) -> 9.065 | D102: =4308/(1000) -> 4.308 | E102: =1.2*C102 -> 10.878
...

Sheet Sheet7
A1: Regional indicator | B1: Country name | C1: Original happiness score | D1: New happiness score
A2: Western Europe | B2: Finland | C2: =7842/(1000) -> 7.842 | D2: 7.6803345 | E2: =-2.2372+0.2795*Sheet5!D2+ 2.4762*Sheet5!E2+ 0.0303*Sheet5!F2+ 2.0105*0.95+ 0.3644*Sheet5!H2- 0.6051*Sheet5!I2 -> 7.0800225
A3: Western Europe | B3: Denmark | C3: =7620/(1000) -> 7.62 | D3: 7.7993851 | E3: =-2.2372+0.2795*Sheet5!D3+ 2.4762*Sheet5!E3+ 0.0303*Sheet5!F3+ 2.0105*0.95+ 0.3644*Sheet5!H3- 0.6051*Sheet5!I3 -> 7.1962724
A4: Western Europe | B4: Switzerland | C4: =7571/(1000) -> 7.571 | D4: 7.7584125 | E4: =-2.2372+0.2795*Sheet5!D4+ 2.4762*Sheet5!E4+ 0.0303*Sheet5!F4+ 2.0105*0.95+ 0.3644*Sheet5!H4- 0.6051*Sheet5!I4 -> 7.1992977
A5: Western Europe | B5: Iceland | C5: =7554/(1000) -> 7.554 | D5: 7.628385 | E5: =-2.2372+0.2795*Sheet5!D5+ 2.4762*Sheet5!E5+ 0.0303*Sheet5!F5+ 2.0105*0.95+ 0.3644*Sheet5!H5- 0.6051*Sheet5!I5 -> 7.0102523
A6: Western Europe | B6: Netherlands | C6: =7464/(1000) -> 7.464 | D6: 7.6505259 | E6: =-2.2372+0.2795*Sheet5!D6+ 2.4762*Sheet5!E6+ 0.0303*Sheet5!F6+ 2.0105*0.95+ 0.3644*Sheet5!H6- 0.6051*Sheet5!I6 -> 7.1138156
A7: Western Europe | B7: Norway | C7: =7392/(1000) -> 7.392 | D7: 7.8538532 | E7: =-2.2372+0.2795*Sheet5!D7+ 2.4762*Sheet5!E7+ 0.0303*Sheet5!F7+ 2.0105*0.95+ 0.3644*Sheet5!H7- 0.6051*Sheet5!I7 -> 7.2158855
A8: Western Europe | B8: Sweden | C8: =7363/(1000) -> 7.363 | D8: 7.7110248 | E8: =-2.2372+0.2795*Sheet5!D8+ 2.4762*Sheet5!E8+ 0.0303*Sheet5!F8+ 2.0105*0.95+ 0.3644*Sheet5!H8- 0.6051*Sheet5!I8 -> 7.113612
A9: Western Europe | B9: Luxembourg | C9: =7324/(1000) -> 7.324 | D9: 7.6949387 | E9: =-2.2372+0.2795*Sheet5!D9+ 2.4762*Sheet5!E9+ 0.0303*Sheet5!F9+ 2.0105*0.95+ 0.3644*Sheet5!H9- 0.6051*Sheet5!I9 -> 7.1303229
A10: North America and ANZ | B10: New Zealand | C10: =7277/(1000) -> 7.277 | D10: 7.6740697 | E10: =-2.2372+0.2795*Sheet5!D10+ 2.4762*Sheet5!E10+ 0.0303*Sheet5!F10+ 2.0105*0.95+ 0.3644*Sheet5!H10- 0.6051*Sheet5!I10 -> 7.1213465
A11: Western Europe | B11: Austria | C11: =7268/(1000) -> 7.268 | D11: 7.5042189 | E11: =-2.2372+0.2795*Sheet5!D11+ 2.4762*Sheet5!E11+ 0.0303*Sheet5!F11+ 2.0105*0.95+ 0.3644*Sheet5!H11- 0.6051*Sheet5!I11 -> 6.9790145
A12: North America and ANZ | B12: Australia | C12: =7183/(1000) -> 7.183 | D12: 7.5786588 | E12: =-2.2372+0.2795*Sheet5!D12+ 2.4762*Sheet5!E12+ 0.0303*Sheet5!F12+ 2.0105*0.95+ 0.3644*Sheet5!H12- 0.6051*Sheet5!I12 -> 7.0475404
A13: Middle East and North Africa | B13: Algeria | C13: =7157/(1000) -> 7.157 | D13: 5.3675607
A14: Western Europe | B14: Germany | C14: =7155/(1000) -> 7.155 | D14: 7.3272127 | E14: =-2.2372+0.2795*Sheet5!D14+ 2.4762*Sheet5!E14+ 0.0303*Sheet5!F14+ 2.0105*0.95+ 0.3644*Sheet5!H14- 0.6051*Sheet5!I14 -> 6.8701995
A15: North America and ANZ | B15: Canada | C15: =7103/(1000) -> 7.103 | D15: 7.5270942 | E15: =-2.2372+0.2795*Sheet5!D15+ 2.4762*Sheet5!E15+ 0.0303*Sheet5!F15+ 2.0105*0.95+ 0.3644*Sheet5!H15- 0.6051*Sheet5!I15 -> 6.9950833
A16: Western Europe | B16: Ireland | C16: =7085/(1000) -> 7.085 | D16: 7.6812252 | E16: =-2.2372+0.2795*Sheet5!D16+ 2.4762*Sheet5!E16+ 0.0303*Sheet5!F16+ 2.0105*0.95+ 0.3644*Sheet5!H16- 0.6051*Sheet5!I16 -> 7.1899529
A17: Latin America and Caribbean | B17: Costa Rica | C17: =7069/(1000) -> 7.069 | D17: 6.7886329 | E17: =-2.2372+0.2795*Sheet5!D17+ 2.4762*Sheet5!E17+ 0.0303*Sheet5!F17+ 2.0105*0.95+ 0.3644*Sheet5!H17- 0.6051*Sheet5!I17 -> 6.2685089
A18: Western Europe | B18: United Kingdom | C18: =7064/(1000) -> 7.064 | D18: 7.3976324 | E18: =-2.2372+0.2795*Sheet5!D18+ 2.4762*Sheet5!E18+ 0.0303*Sheet5!F18+ 2.0105*0.95+ 0.3644*Sheet5!H18- 0.6051*Sheet5!I18 -> 6.9820666
A19: Central and Eastern Europe | B19: Czech Republic | C19: =6965/(1000) -> 6.965 | D19: 6.9176829 | E19: =-2.2372+0.2795*Sheet5!D19+ 2.4762*Sheet5!E19+ 0.0303*Sheet5!F19+ 2.0105*0.95+ 0.3644*Sheet5!H19- 0.6051*Sheet5!I19 -> 6.5125685
A20: North America and ANZ | B20: United States | C20: =6951/(1000) -> 6.951 | D20: 7.1006181 | E20: =-2.2372+0.2795*Sheet5!D20+ 2.4762*Sheet5!E20+ 0.0303*Sheet5!F20+ 2.0105*0.95+ 0.3644*Sheet5!H20- 0.6051*Sheet5!I20 -> 6.7116189
A21: Western Europe | B21: Belgium | C21: =6834/(1000) -> 6.834 | D21: 6.9514748 | E21: =-2.2372+0.2795*Sheet5!D21+ 2.4762*Sheet5!E21+ 0.0303*Sheet5!F21+ 2.0105*0.95+ 0.3644*Sheet5!H21- 0.6051*Sheet5!I21 -> 6.6822226
A22: Western Europe | B22: France | C22: =6690/(1000) -> 6.69 | D22: 7.1812541 | E22: =-2.2372+0.2795*Sheet5!D22+ 2.4762*Sheet5!E22+ 0.0303*Sheet5!F22+ 2.0105*0.95+ 0.3644*Sheet5!H22- 0.6051*Sheet5!I22 -> 6.8402445
A23: Sub-Saharan Africa | B23: Benin | C23: =6647/(1000) -> 6.647 | D23: 4.4534333
A24: Western Europe | B24: Malta | C24: =6602/(1000) -> 6.602 | D24: 7.3529302 | E24: =-2.2372+0.2795*Sheet5!D24+ 2.4762*Sheet5!E24+ 0.0303*Sheet5!F24+ 2.0105*0.95+ 0.3644*Sheet5!H24- 0.6051*Sheet5!I24 -> 6.8024951
A25: East Asia | B25: Taiwan Province of China | C25: =6584/(1000) -> 6.584 | D25: 6.8558879 | E25: =-2.2372+0.2795*Sheet5!D25+ 2.4762*Sheet5!E25+ 0.0303*Sheet5!F25+ 2.0105*0.95+ 0.3644*Sheet5!H25- 0.6051*Sheet5!I25 -> 6.581942
A26: Sub-Saharan Africa | B26: Botswana | C26: =6561/(1000) -> 6.561 | D26: 5.8631988
A27: Sub-Saharan Africa | B27: Burkina Faso | C27: =6494/(1000) -> 6.494 | D27: 4.584186
A28: Western Europe | B28: Spain | C28: =6491/(1000) -> 6.491 | D28: 6.9292164 | E28: =-2.2372+0.2795*Sheet5!D28+ 2.4762*Sheet5!E28+ 0.0303*Sheet5!F28+ 2.0105*0.95+ 0.3644*Sheet5!H28- 0.6051*Sheet5!I28 -> 6.718282
A29: Western Europe | B29: Italy | C29: =6483/(1000) -> 6.483 | D29: 6.5796005 | E29: =-2.2372+0.2795*Sheet5!D29+ 2.4762*Sheet5!E29+ 0.0303*Sheet5!F29+ 2.0105*0.95+ 0.3644*Sheet5!H29- 0.6051*Sheet5!I29 -> 6.5024733
A30: Central and Eastern Europe | B30: Slovenia | C30: =6461/(1000) -> 6.461 | D30: 7.1885337 | E30: =-2.2372+0.2795*Sheet5!D30+ 2.4762*Sheet5!E30+ 0.0303*Sheet5!F30+ 2.0105*0.95+ 0.3644*Sheet5!H30- 0.6051*Sheet5!I30 -> 6.6019731
A31: Latin America and Caribbean | B31: Guatemala | C31: =6435/(1000) -> 6.435 | D31: 6.1192675 | E31: =-2.2372+0.2795*Sheet5!D31+ 2.4762*Sheet5!E31+ 0.0303*Sheet5!F31+ 2.0105*0.95+ 0.3644*Sheet5!H31- 0.6051*Sheet5!I31 -> 5.7016668
A32: Latin America and Caribbean | B32: Uruguay | C32: =6431/(1000) -> 6.431 | D32: 6.9004856 | E32: =-2.2372+0.2795*Sheet5!D32+ 2.4762*Sheet5!E32+ 0.0303*Sheet5!F32+ 2.0105*0.95+ 0.3644*Sheet5!H32- 0.6051*Sheet5!I32 -> 6.4519532
A33: Southeast Asia | B33: Singapore | C33: =6377/(1000) -> 6.377 | D33: 8.0208302 | E33: =-2.2372+0.2795*Sheet5!D33+ 2.4762*Sheet5!E33+ 0.0303*Sheet5!F33+ 2.0105*0.95+ 0.3644*Sheet5!H33- 0.6051*Sheet5!I33 -> 7.4248925
A34: Central and Eastern Europe | B34: Kosovo | C34: =6372/(1000) -> 6.372 | D34: 6.1404499 | E34: =-2.2372+0.2795*Sheet5!D34+ 2.4762*Sheet5!E34+ 0.0303*Sheet5!F34+ 2.0105*0.95+ 0.3644*Sheet5!H34- 0.6051*Sheet5!I34 -> 5.7824242
A35: Central and Eastern Europe | B35: Slovakia | C35: =6331/(1000) -> 6.331 | D35: 6.5986874 | E35: =-2.2372+0.2795*Sheet5!D35+ 2.4762*Sheet5!E35+ 0.0303*Sheet5!F35+ 2.0105*0.95+ 0.3644*Sheet5!H35- 0.6051*Sheet5!I35 -> 6.3889923
A36: Latin America and Caribbean | B36: Brazil | C36: =6330/(1000) -> 6.33 | D36: 6.3100585 | E36: =-2.2372+0.2795*Sheet5!D36+ 2.4762*Sheet5!E36+ 0.0303*Sheet5!F36+ 2.0105*0.95+ 0.3644*Sheet5!H36- 0.6051*Sheet5!I36 -> 6.0682372
A37: Latin America and Caribbean | B37: Mexico | C37: =6317/(1000) -> 6.317 | D37: 6.4017292 | E37: =-2.2372+0.2795*Sheet5!D37+ 2.4762*Sheet5!E37+ 0.0303*Sheet5!F37+ 2.0105*0.95+ 0.3644*Sheet5!H37- 0.6051*Sheet5!I37 -> 6.0275351
A38: Latin America and Caribbean | B38: Jamaica | C38: =6309/(1000) -> 6.309 | D38: 6.2651756 | E38: =-2.2372+0.2795*Sheet5!D38+ 2.4762*Sheet5!E38+ 0.0303*Sheet5!F38+ 2.0105*0.95+ 0.3644*Sheet5!H38- 0.6051*Sheet5!I38 -> 5.8723082
A39: Central and Eastern Europe | B39: Lithuania | C39: =6255/(1000) -> 6.255 | D39: 6.6372941 | E39: =-2.2372+0.2795*Sheet5!D39+ 2.4762*Sheet5!E39+ 0.0303*Sheet5!F39+ 2.0105*0.95+ 0.3644*Sheet5!H39- 0.6051*Sheet5!I39 -> 6.4062585
A40: Western Europe | B40: Cyprus | C40: =6223/(1000) -> 6.223 | D40: 6.5528533 | E40: =-2.2372+0.2795*Sheet5!D40+ 2.4762*Sheet5!E40+ 0.0303*Sheet5!F40+ 2.0105*0.95+ 0.3644*Sheet5!H40- 0.6051*Sheet5!I40 -> 6.3376184
A41: Central and Eastern Europe | B41: Estonia | C41: =6189/(1000) -> 6.189 | D41: 7.162902 | E41: =-2.2372+0.2795*Sheet5!D41+ 2.4762*Sheet5!E41+ 0.0303*Sheet5!F41+ 2.0105*0.95+ 0.3644*Sheet5!H41- 0.6051*Sheet5!I41 -> 6.6594446
A42: Latin America and Caribbean | B42: Panama | C42: =6180/(1000) -> 6.18 | D42: 6.7380208 | E42: =-2.2372+0.2795*Sheet5!D42+ 2.4762*Sheet5!E42+ 0.0303*Sheet5!F42+ 2.0105*0.95+ 0.3644*Sheet5!H42- 0.6051*Sheet5!I42 -> 6.3162748
A43: Commonwealth of Independent States | B43: Uzbekistan | C43: =6179/(1000) -> 6.179 | D43: 6.7286594 | E43: =-2.2372+0.2795*Sheet5!D43+ 2.4762*Sheet5!E43+ 0.0303*Sheet5!F43+ 2.0105*0.95+ 0.3644*Sheet5!H43- 0.6051*Sheet5!I43 -> 6.194517
A44: Latin America and Caribbean | B44: Chile | C44: =6172/(1000) -> 6.172 | D44: 6.4191462 | E44: =-2.2372+0.2795*Sheet5!D44+ 2.4762*Sheet5!E44+ 0.0303*Sheet5!F44+ 2.0105*0.95+ 0.3644*Sheet5!H44- 0.6051*Sheet5!I44 -> 6.2743613
A45: Central and Eastern Europe | B45: Poland | C45: =6166/(1000) -> 6.166 | D45: 6.766477 | E45: =-2.2372+0.2795*Sheet5!D45+ 2.4762*Sheet5!E45+ 0.0303*Sheet5!F45+ 2.0105*0.95+ 0.3644*Sheet5!H45- 0.6051*Sheet5!I45 -> 6.4052677
A46: Commonwealth of Independent States | B46: Kazakhstan | C46: =6152/(1000) -> 6.152 | D46: 6.747964 | E46: =-2.2372+0.2795*Sheet5!D46+ 2.4762*Sheet5!E46+ 0.0303*Sheet5!F46+ 2.0105*0.95+ 0.3644*Sheet5!H46- 0.6051*Sheet5!I46 -> 6.375318
A47: Central and Eastern Europe | B47: Romania | C47: =6140/(1000) -> 6.14 | D47: 6.3645936 | E47: =-2.2372+0.2795*Sheet5!D47+ 2.4762*Sheet5!E47+ 0.0303*Sheet5!F47+ 2.0105*0.95+ 0.3644*Sheet5!H47- 0.6051*Sheet5!I47 -> 6.0008205
A48: Sub-Saharan Africa | B48: Burundi | C48: =6106/(1000) -> 6.106 | D48: 3.7020687
A49: Central and Eastern Europe | B49: Serbia | C49: =6078/(1000) -> 6.078 | D49: 6.3453017 | E49: =-2.2372+0.2795*Sheet5!D49+ 2.4762*Sheet5!E49+ 0.0303*Sheet5!F49+ 2.0105*0.95+ 0.3644*Sheet5!H49- 0.6051*Sheet5!I49 -> 6.1440144
A50: Latin America and Caribbean | B50: El Salvador | C50: =6061/(1000) -> 6.061 | D50: 6.0272878 | E50: =-2.2372+0.2795*Sheet5!D50+ 2.4762*Sheet5!E50+ 0.0303*Sheet5!F50+ 2.0105*0.95+ 0.3644*Sheet5!H50- 0.6051*Sheet5!I50 -> 5.6458202
A51: Sub-Saharan Africa | B51: Cameroon | C51: =6049/(1000) -> 6.049 | D51: 4.8550222
A52: Central and Eastern Europe | B52: Latvia | C52: =6032/(1000) -> 6.032 | D52: 6.4454131 | E52: =-2.2372+0.2795*Sheet5!D52+ 2.4762*Sheet5!E52+ 0.0303*Sheet5!F52+ 2.0105*0.95+ 0.3644*Sheet5!H52- 0.6051*Sheet5!I52 -> 6.3412721
A53: Latin America and Caribbean | B53: Colombia | C53: =6012/(1000) -> 6.012 | D53: 6.2506949 | E53: =-2.2372+0.2795*Sheet5!D53+ 2.4762*Sheet5!E53+ 0.0303*Sheet5!F53+ 2.0105*0.95+ 0.3644*Sheet5!H53- 0.6051*Sheet5!I53 -> 5.9436451
A54: Central and Eastern Europe | B54: Hungary | C54: =5992/(1000) -> 5.992 | D54: 6.5524113 | E54: =-2.2372+0.2795*Sheet5!D54+ 2.4762*Sheet5!E54+ 0.0303*Sheet5!F54+ 2.0105*0.95+ 0.3644*Sheet5!H54- 0.6051*Sheet5!I54 -> 6.3654466
A55: Southeast Asia | B55: Thailand | C55: =5985/(1000) -> 5.985 | D55: 6.6328132 | E55: =-2.2372+0.2795*Sheet5!D55+ 2.4762*Sheet5!E55+ 0.0303*Sheet5!F55+ 2.0105*0.95+ 0.3644*Sheet5!H55- 0.6051*Sheet5!I55 -> 6.2174067
A56: Latin America and Caribbean | B56: Nicaragua | C56: =5972/(1000) -> 5.972 | D56: 6.1296715 | E56: =-2.2372+0.2795*Sheet5!D56+ 2.4762*Sheet5!E56+ 0.0303*Sheet5!F56+ 2.0105*0.95+ 0.3644*Sheet5!H56- 0.6051*Sheet5!I56 -> 5.8770105
A57: East Asia | B57: Japan | C57: =5940/(1000) -> 5.94 | D57: 6.9065092 | E57: =-2.2372+0.2795*Sheet5!D57+ 2.4762*Sheet5!E57+ 0.0303*Sheet5!F57+ 2.0105*0.95+ 0.3644*Sheet5!H57- 0.6051*Sheet5!I57 -> 6.6229713
A58: Latin America and Caribbean | B58: Argentina | C58: =5929/(1000) -> 5.929 | D58: 6.5121022 | E58: =-2.2372+0.2795*Sheet5!D58+ 2.4762*Sheet5!E58+ 0.0303*Sheet5!F58+ 2.0105*0.95+ 0.3644*Sheet5!H58- 0.6051*Sheet5!I58 -> 6.2005074
A59: Western Europe | B59: Portugal | C59: =5929/(1000) -> 5.929 | D59: 6.8020919 | E59: =-2.2372+0.2795*Sheet5!D59+ 2.4762*Sheet5!E59+ 0.0303*Sheet5!F59+ 2.0105*0.95+ 0.3644*Sheet5!H59- 0.6051*Sheet5!I59 -> 6.336167
A60: Latin America and Caribbean | B60: Honduras | C60: =5919/(1000) -> 5.919 | D60: 5.9761926 | E60: =-2.2372+0.2795*Sheet5!D60+ 2.4762*Sheet5!E60+ 0.0303*Sheet5!F60+ 2.0105*0.95+ 0.3644*Sheet5!H60- 0.6051*Sheet5!I60 -> 5.6797459
A61: Central and Eastern Europe | B61: Croatia | C61: =5882/(1000) -> 5.882 | D61: 6.5275292 | E61: =-2.2372+0.2795*Sheet5!D61+ 2.4762*Sheet5!E61+ 0.0303*Sheet5!F61+ 2.0105*0.95+ 0.3644*Sheet5!H61- 0.6051*Sheet5!I61 -> 6.3504569
A62: Southeast Asia | B62: Philippines | C62: =5880/(1000) -> 5.88 | D62: 6.1000339 | E62: =-2.2372+0.2795*Sheet5!D62+ 2.4762*Sheet5!E62+ 0.0303*Sheet5!F62+ 2.0105*0.95+ 0.3644*Sheet5!H62- 0.6051*Sheet5!I62 -> 5.659032
A63: East Asia | B63: South Korea | C63: =5845/(1000) -> 5.845 | D63: 6.4337023 | E63: =-2.2372+0.2795*Sheet5!D63+ 2.4762*Sheet5!E63+ 0.0303*Sheet5!F63+ 2.0105*0.95+ 0.3644*Sheet5!H63- 0.6051*Sheet5!I63 -> 6.3972304
A64: Latin America and Caribbean | B64: Peru | C64: =5840/(1000) -> 5.84 | D64: 6.1205559 | E64: =-2.2372+0.2795*Sheet5!D64+ 2.4762*Sheet5!E64+ 0.0303*Sheet5!F64+ 2.0105*0.95+ 0.3644*Sheet5!H64- 0.6051*Sheet5!I64 -> 5.8491977
A65: Central and Eastern Europe | B65: Bosnia and Herzegovina | C65: =5813/(1000) -> 5.813 | D65: 6.0941915 | E65: =-2.2372+0.2795*Sheet5!D65+ 2.4762*Sheet5!E65+ 0.0303*Sheet5!F65+ 2.0105*0.95+ 0.3644*Sheet5!H65- 0.6051*Sheet5!I65 -> 6.0486725
A66: Commonwealth of Independent States | B66: Moldova | C66: =5766/(1000) -> 5.766 | D66: 6.1148163 | E66: =-2.2372+0.2795*Sheet5!D66+ 2.4762*Sheet5!E66+ 0.0303*Sheet5!F66+ 2.0105*0.95+ 0.3644*Sheet5!H66- 0.6051*Sheet5!I66 -> 5.8436817
A67: Latin America and Caribbean | B67: Ecuador | C67: =5764/(1000) -> 5.764 | D67: 6.1415365 | E67: =-2.2372+0.2795*Sheet5!D67+ 2.4762*Sheet5!E67+ 0.0303*Sheet5!F67+ 2.0105*0.95+ 0.3644*Sheet5!H67- 0.6051*Sheet5!I67 -> 5.8380738
A68: Commonwealth of Independent States | B68: Kyrgyzstan | C68: =5744/(1000) -> 5.744 | D68: 6.1627924 | E68: =-2.2372+0.2795*Sheet5!D68+ 2.4762*Sheet5!E68+ 0.0303*Sheet5!F68+ 2.0105*0.95+ 0.3644*Sheet5!H68- 0.6051*Sheet5!I68 -> 5.7156757
A69: Western Europe | B69: Greece | C69: =5723/(1000) -> 5.723 | D69: 6.0152357 | E69: =-2.2372+0.2795*Sheet5!D69+ 2.4762*Sheet5!E69+ 0.0303*Sheet5!F69+ 2.0105*0.95+ 0.3644*Sheet5!H69- 0.6051*Sheet5!I69 -> 6.1805036
A70: Latin America and Caribbean | B70: Bolivia | C70: =5716/(1000) -> 5.716 | D70: 5.9622005 | E70: =-2.2372+0.2795*Sheet5!D70+ 2.4762*Sheet5!E70+ 0.0303*Sheet5!F70+ 2.0105*0.95+ 0.3644*Sheet5!H70- 0.6051*Sheet5!I70 -> 5.6073166
A71: East Asia | B71: Mongolia | C71: =5677/(1000) -> 5.677 | D71: 6.0722958 | E71: =-2.2372+0.2795*Sheet5!D71+ 2.4762*Sheet5!E71+ 0.0303*Sheet5!F71+ 2.0105*0.95+ 0.3644*Sheet5!H71- 0.6051*Sheet5!I71 -> 6.0333768
A72: Latin America and Caribbean | B72: Paraguay | C72: =5653/(1000) -> 5.653 | D72: 6.3773788 | E72: =-2.2372+0.2795*Sheet5!D72+ 2.4762*Sheet5!E72+ 0.0303*Sheet5!F72+ 2.0105*0.95+ 0.3644*Sheet5!H72- 0.6051*Sheet5!I72 -> 5.9980126
A73: Central and Eastern Europe | B73: Montenegro | C73: =5581/(1000) -> 5.581 | D73: 6.2225385 | E73: =-2.2372+0.2795*Sheet5!D73+ 2.4762*Sheet5!E73+ 0.0303*Sheet5!F73+ 2.0105*0.95+ 0.3644*Sheet5!H73- 0.6051*Sheet5!I73 -> 6.1534335
A74: Latin America and Caribbean | B74: Dominican Republic | C74: =5545/(1000) -> 5.545 | D74: 6.4140034 | E74: =-2.2372+0.2795*Sheet5!D74+ 2.4762*Sheet5!E74+ 0.0303*Sheet5!F74+ 2.0105*0.95+ 0.3644*Sheet5!H74- 0.6051*Sheet5!I74 -> 6.0470166
A75: Western Europe | B75: North Cyprus | C75: =5536/(1000) -> 5.536 | D75: 6.8035115 | E75: =-2.2372+0.2795*Sheet5!D75+ 2.4762*Sheet5!E75+ 0.0303*Sheet5!F75+ 2.0105*0.95+ 0.3644*Sheet5!H75- 0.6051*Sheet5!I75 -> 6.5239406
A76: Commonwealth of Independent States | B76: Belarus | C76: =5534/(1000) -> 5.534 | D76: 6.1901394 | E76: =-2.2372+0.2795*Sheet5!D76+ 2.4762*Sheet5!E76+ 0.0303*Sheet5!F76+ 2.0105*0.95+ 0.3644*Sheet5!H76- 0.6051*Sheet5!I76 -> 6.2425067
A77: Commonwealth of Independent States | B77: Russia | C77: =5477/(1000) -> 5.477 | D77: 6.2684812 | E77: =-2.2372+0.2795*Sheet5!D77+ 2.4762*Sheet5!E77+ 0.0303*Sheet5!F77+ 2.0105*0.95+ 0.3644*Sheet5!H77- 0.6051*Sheet5!I77 -> 6.1653521
A78: East Asia | B78: Hong Kong S.A.R. of China | C78: =5477/(1000) -> 5.477 | D78: 7.0720372 | E78: =-2.2372+0.2795*Sheet5!D78+ 2.4762*Sheet5!E78+ 0.0303*Sheet5!F78+ 2.0105*0.95+ 0.3644*Sheet5!H78- 0.6051*Sheet5!I78 -> 6.9255837
A79: Commonwealth of Independent States | B79: Tajikistan | C79: =5466/(1000) -> 5.466 | D79: 5.871477 | E79: =-2.2372+0.2795*Sheet5!D79+ 2.4762*Sheet5!E79+ 0.0303*Sheet5!F79+ 2.0105*0.95+ 0.3644*Sheet5!H79- 0.6051*Sheet5!I79 -> 5.6564291
A80: Southeast Asia | B80: Vietnam | C80: =5411/(1000) -> 5.411 | D80: 6.3110436 | E80: =-2.2372+0.2795*Sheet5!D80+ 2.4762*Sheet5!E80+ 0.0303*Sheet5!F80+ 2.0105*0.95+ 0.3644*Sheet5!H80- 0.6051*Sheet5!I80 -> 5.8295579
A81: Sub-Saharan Africa | B81: Chad | C81: =5410/(1000) -> 5.41 | D81: 3.925041
A82: Southeast Asia | B82: Malaysia | C82: =5384/(1000) -> 5.384 | D82: 6.5901398 | E82: =-2.2372+0.2795*Sheet5!D82+ 2.4762*Sheet5!E82+ 0.0303*Sheet5!F82+ 2.0105*0.95+ 0.3644*Sheet5!H82- 0.6051*Sheet5!I82 -> 6.1284131
A83: Southeast Asia | B83: Indonesia | C83: =5345/(1000) -> 5.345 | D83: 6.2258196 | E83: =-2.2372+0.2795*Sheet5!D83+ 2.4762*Sheet5!E83+ 0.0303*Sheet5!F83+ 2.0105*0.95+ 0.3644*Sheet5!H83- 0.6051*Sheet5!I83 -> 5.8571246
A84: Sub-Saharan Africa | B84: Comoros | C84: =5342/(1000) -> 5.342 | D84: 4.403225
A85: East Asia | B85: China | C85: =5339/(1000) -> 5.339 | D85: 6.4314294 | E85: =-2.2372+0.2795*Sheet5!D85+ 2.4762*Sheet5!E85+ 0.0303*Sheet5!F85+ 2.0105*0.95+ 0.3644*Sheet5!H85- 0.6051*Sheet5!I85 -> 5.9831917
A86: Sub-Saharan Africa | B86: Congo (Brazzaville) | C86: =5306/(1000) -> 5.306 | D86: 4.7459201
A87: Commonwealth of Independent States | B87: Armenia | C87: =5283/(1000) -> 5.283 | D87: 6.1718255 | E87: =-2.2372+0.2795*Sheet5!D87+ 2.4762*Sheet5!E87+ 0.0303*Sheet5!F87+ 2.0105*0.95+ 0.3644*Sheet5!H87- 0.6051*Sheet5!I87 -> 5.8928147
A88: South Asia | B88: Nepal | C88: =5269/(1000) -> 5.269 | D88: 5.5367788 | E88: =-2.2372+0.2795*Sheet5!D88+ 2.4762*Sheet5!E88+ 0.0303*Sheet5!F88+ 2.0105*0.95+ 0.3644*Sheet5!H88- 0.6051*Sheet5!I88 -> 5.4206348
A89: Central and Eastern Europe | B89: Bulgaria | C89: =5266/(1000) -> 5.266 | D89: 6.442947 | E89: =-2.2372+0.2795*Sheet5!D89+ 2.4762*Sheet5!E89+ 0.0303*Sheet5!F89+ 2.0105*0.95+ 0.3644*Sheet5!H89- 0.6051*Sheet5!I89 -> 6.2087536
A90: South Asia | B90: Maldives | C90: =5198/(1000) -> 5.198 | D90: 6.6848961 | E90: =-2.2372+0.2795*Sheet5!D90+ 2.4762*Sheet5!E90+ 0.0303*Sheet5!F90+ 2.0105*0.95+ 0.3644*Sheet5!H90- 0.6051*Sheet5!I90 -> 6.3286307
A91: Commonwealth of Independent States | B91: Azerbaijan | C91: =5171/(1000) -> 5.171 | D91: 6.2808278 | E91: =-2.2372+0.2795*Sheet5!D91+ 2.4762*Sheet5!E91+ 0.0303*Sheet5!F91+ 2.0105*0.95+ 0.3644*Sheet5!H91- 0.6051*Sheet5!I91 -> 6.0193487
A92: Middle East and North Africa | B92: Egypt | C92: =5142/(1000) -> 5.142 | D92: 5.5986704
A93: Sub-Saharan Africa | B93: Ethiopia | C93: =5132/(1000) -> 5.132 | D93: 5.1041801
A94: Central and Eastern Europe | B94: Albania | C94: =5117/(1000) -> 5.117 | D94: 5.7945045 | E94: =-2.2372+0.2795*Sheet5!D94+ 2.4762*Sheet5!E94+ 0.0303*Sheet5!F94+ 2.0105*0.95+ 0.3644*Sheet5!H94- 0.6051*Sheet5!I94 -> 5.594069
A95: Central and Eastern Europe | B95: North Macedonia | C95: =5101/(1000) -> 5.101 | D95: 5.9671526 | E95: =-2.2372+0.2795*Sheet5!D95+ 2.4762*Sheet5!E95+ 0.0303*Sheet5!F95+ 2.0105*0.95+ 0.3644*Sheet5!H95- 0.6051*Sheet5!I95 -> 5.8254034
A96: Sub-Saharan Africa | B96: Gabon | C96: =5088/(1000) -> 5.088 | D96: 5.6105375
A97: Sub-Saharan Africa | B97: Gambia | C97: =5074/(1000) -> 5.074 | D97: 4.8250299
A98: Commonwealth of Independent States | B98: Turkmenistan | C98: =5066/(1000) -> 5.066 | D98: 6.6428248 | E98: =-2.2372+0.2795*Sheet5!D98+ 2.4762*Sheet5!E98+ 0.0303*Sheet5!F98+ 2.0105*0.95+ 0.3644*Sheet5!H98- 0.6051*Sheet5!I98 -> 6.2513302
A99: Sub-Saharan Africa | B99: Ghana | C99: =5051/(1000) -> 5.051 | D99: 5.3397551
A100: Sub-Saharan Africa | B100: Guinea | C100: =5045/(1000) -> 5.045 | D100: 4.6131293
...

Sheet Sheet5
A1: Regional indicator | B1: Country name | C1: Ladder score | D1: Logged GDP per capita | E1: Social support | F1: Healthy life expectancy | G1: Freedom to make life choices | H1: Generosity | I1: Perceptions of corruption | J1: Calculated happiness score | K1: Difference | L1: New logged GDP | M1: New happiness score | N1: New freedom-happiness score | O1: Difference between normal and freedom happiness score
A2: Western Europe | B2: Finland | C2: =7842/(1000) -> 7.842 | D2: =10775/(1000) -> 10.775 | E2: 0.954 | F2: =72000/(1000) -> 72 | G2: 0.949 | H2: -0.098 | I2: 0.186 | J2: =-2.2372+0.2795*D2+ 2.4762*E2+ 0.0303*F2+ 2.0105*G2+ 0.3644*H2- 0.6051*I2 -> 7.078012 | K2: =ABS(C2-J2) -> 0.763988 | L2: =1.2*D2 -> 12.93 | M2: =-2.2372+0.2795*L2+ 2.4762*E2+ 0.0303*F2+ 2.0105*G2+ 0.3644*H2- 0.6051*I2 -> 7.6803345 | N2: =-2.2372+0.2795*Sheet5!D2+ 2.4762*Sheet5!E2+ 0.0303*Sheet5!F2+ 2.0105*0.95+ 0.3644*Sheet5!H2- 0.6051*Sheet5!I2 -> 7.0800225 | O2: =C2-N2 -> 0.7619775
A3: Western Europe | B3: Denmark | C3: =7620/(1000) -> 7.62 | D3: =10933/(1000) -> 10.933 | E3: 0.954 | F3: =72700/(1000) -> 72.7 | G3: 0.946 | H3: 0.03 | I3: 0.179 | J3: =-2.2372+0.2795*D3+ 2.4762*E3+ 0.0303*F3+ 2.0105*G3+ 0.3644*H3- 0.6051*I3 -> 7.1882304 | K3: =ABS(C3-J3) -> 0.4317696 | L3: =1.2*D3 -> 13.1196 | M3: =-2.2372+0.2795*L3+ 2.4762*E3+ 0.0303*F3+ 2.0105*G3+ 0.3644*H3- 0.6051*I3 -> 7.7993851 | N3: =-2.2372+0.2795*D3+ 2.4762*E3+ 0.0303*F3+ 2.0105*0.95+ 0.3644*H3- 0.6051*I3 -> 7.1962724 | O3: =C3-N3 -> 0.4237276
A4: Western Europe | B4: Switzerland | C4: =7571/(1000) -> 7.571 | D4: =11117/(1000) -> 11.117 | E4: 0.942 | F4: =74400/(1000) -> 74.4 | G4: 0.919 | H4: 0.025 | I4: 0.292 | J4: =-2.2372+0.2795*D4+ 2.4762*E4+ 0.0303*F4+ 2.0105*G4+ 0.3644*H4- 0.6051*I4 -> 7.1369722 | K4: =ABS(C4-J4) -> 0.4340278 | L4: =1.2*D4 -> 13.3404 | M4: =-2.2372+0.2795*L4+ 2.4762*E4+ 0.0303*F4+ 2.0105*G4+ 0.3644*H4- 0.6051*I4 -> 7.7584125 | N4: =-2.2372+0.2795*D4+ 2.4762*E4+ 0.0303*F4+ 2.0105*0.95+ 0.3644*H4- 0.6051*I4 -> 7.1992977 | O4: =C4-N4 -> 0.3717023
A5: Western Europe | B5: Iceland | C5: =7554/(1000) -> 7.554 | D5: =10878/(1000) -> 10.878 | E5: 0.983 | F5: =73000/(1000) -> 73 | G5: 0.955 | H5: 0.16 | I5: 0.673 | J5: =-2.2372+0.2795*D5+ 2.4762*E5+ 0.0303*F5+ 2.0105*G5+ 0.3644*H5- 0.6051*I5 -> 7.0203048 | K5: =ABS(C5-J5) -> 0.5336952 | L5: =1.2*D5 -> 13.0536 | M5: =-2.2372+0.2795*L5+ 2.4762*E5+ 0.0303*F5+ 2.0105*G5+ 0.3644*H5- 0.6051*I5 -> 7.628385 | N5: =-2.2372+0.2795*D5+ 2.4762*E5+ 0.0303*F5+ 2.0105*0.95+ 0.3644*H5- 0.6051*I5 -> 7.0102523 | O5: =C5-N5 -> 0.5437477
A6: Western Europe | B6: Netherlands | C6: =7464/(1000) -> 7.464 | D6: =10932/(1000) -> 10.932 | E6: 0.942 | F6: =72400/(1000) -> 72.4 | G6: 0.913 | H6: 0.175 | I6: 0.338 | J6: =-2.2372+0.2795*D6+ 2.4762*E6+ 0.0303*F6+ 2.0105*G6+ 0.3644*H6- 0.6051*I6 -> 7.0394271 | K6: =ABS(C6-J6) -> 0.4245729 | L6: =1.2*D6 -> 13.1184 | M6: =-2.2372+0.2795*L6+ 2.4762*E6+ 0.0303*F6+ 2.0105*G6+ 0.3644*H6- 0.6051*I6 -> 7.6505259 | N6: =-2.2372+0.2795*D6+ 2.4762*E6+ 0.0303*F6+ 2.0105*0.95+ 0.3644*H6- 0.6051*I6 -> 7.1138156 | O6: =C6-N6 -> 0.3501844
A7: Western Europe | B7: Norway | C7: =7392/(1000) -> 7.392 | D7: =11053/(1000) -> 11.053 | E7: 0.954 | F7: =73300/(1000) -> 73.3 | G7: 0.96 | H7: 0.093 | I7: 0.27 | J7: =-2.2372+0.2795*D7+ 2.4762*E7+ 0.0303*F7+ 2.0105*G7+ 0.3644*H7- 0.6051*I7 -> 7.2359905 | K7: =ABS(C7-J7) -> 0.1560095 | L7: =1.2*D7 -> 13.2636 | M7: =-2.2372+0.2795*L7+ 2.4762*E7+ 0.0303*F7+ 2.0105*G7+ 0.3644*H7- 0.6051*I7 -> 7.8538532 | N7: =-2.2372+0.2795*D7+ 2.4762*E7+ 0.0303*F7+ 2.0105*0.95+ 0.3644*H7- 0.6051*I7 -> 7.2158855 | O7: =C7-N7 -> 0.1761145
A8: Western Europe | B8: Sweden | C8: =7363/(1000) -> 7.363 | D8: =10867/(1000) -> 10.867 | E8: 0.934 | F8: =72700/(1000) -> 72.7 | G8: 0.945 | H8: 0.086 | I8: 0.237 | J8: =-2.2372+0.2795*D8+ 2.4762*E8+ 0.0303*F8+ 2.0105*G8+ 0.3644*H8- 0.6051*I8 -> 7.1035595 | K8: =ABS(C8-J8) -> 0.2594405 | L8: =1.2*D8 -> 13.0404 | M8: =-2.2372+0.2795*L8+ 2.4762*E8+ 0.0303*F8+ 2.0105*G8+ 0.3644*H8- 0.6051*I8 -> 7.7110248 | N8: =-2.2372+0.2795*D8+ 2.4762*E8+ 0.0303*F8+ 2.0105*0.95+ 0.3644*H8- 0.6051*I8 -> 7.113612 | O8: =C8-N8 -> 0.249388
A9: Western Europe | B9: Luxembourg | C9: =7324/(1000) -> 7.324 | D9: =11647/(1000) -> 11.647 | E9: 0.908 | F9: =72600/(1000) -> 72.6 | G9: 0.907 | H9: -0.034 | I9: 0.386 | J9: =-2.2372+0.2795*D9+ 2.4762*E9+ 0.0303*F9+ 2.0105*G9+ 0.3644*H9- 0.6051*I9 -> 7.0438714 | K9: =ABS(C9-J9) -> 0.2801286 | L9: =1.2*D9 -> 13.9764 | M9: =-2.2372+0.2795*L9+ 2.4762*E9+ 0.0303*F9+ 2.0105*G9+ 0.3644*H9- 0.6051*I9 -> 7.6949387 | N9: =-2.2372+0.2795*D9+ 2.4762*E9+ 0.0303*F9+ 2.0105*0.95+ 0.3644*H9- 0.6051*I9 -> 7.1303229 | O9: =C9-N9 -> 0.1936771
A10: North America and ANZ | B10: New Zealand | C10: =7277/(1000) -> 7.277 | D10: =10643/(1000) -> 10.643 | E10: 0.948 | F10: =73400/(1000) -> 73.4 | G10: 0.929 | H10: 0.134 | I10: 0.242 | J10: =-2.2372+0.2795*D10+ 2.4762*E10+ 0.0303*F10+ 2.0105*G10+ 0.3644*H10- 0.6051*I10 -> 7.079126 | K10: =ABS(C10-J10) -> 0.197874 | L10: =1.2*D10 -> 12.7716 | M10: =-2.2372+0.2795*L10+ 2.4762*E10+ 0.0303*F10+ 2.0105*G10+ 0.3644*H10- 0.6051*I10 -> 7.6740697 | N10: =-2.2372+0.2795*D10+ 2.4762*E10+ 0.0303*F10+ 2.0105*0.95+ 0.3644*H10- 0.6051*I10 -> 7.1213465 | O10: =C10-N10 -> 0.1556535
A11: Western Europe | B11: Austria | C11: =7268/(1000) -> 7.268 | D11: =10906/(1000) -> 10.906 | E11: 0.934 | F11: =73300/(1000) -> 73.3 | G11: 0.908 | H11: 0.042 | I11: 0.481 | J11: =-2.2372+0.2795*D11+ 2.4762*E11+ 0.0303*F11+ 2.0105*G11+ 0.3644*H11- 0.6051*I11 -> 6.8945735 | K11: =ABS(C11-J11) -> 0.3734265 | L11: =1.2*D11 -> 13.0872 | M11: =-2.2372+0.2795*L11+ 2.4762*E11+ 0.0303*F11+ 2.0105*G11+ 0.3644*H11- 0.6051*I11 -> 7.5042189 | N11: =-2.2372+0.2795*D11+ 2.4762*E11+ 0.0303*F11+ 2.0105*0.95+ 0.3644*H11- 0.6051*I11 -> 6.9790145 | O11: =C11-N11 -> 0.2889855
A12: North America and ANZ | B12: Australia | C12: =7183/(1000) -> 7.183 | D12: =10796/(1000) -> 10.796 | E12: 0.94 | F12: =73900/(1000) -> 73.9 | G12: 0.914 | H12: 0.159 | I12: 0.442 | J12: =-2.2372+0.2795*D12+ 2.4762*E12+ 0.0303*F12+ 2.0105*G12+ 0.3644*H12- 0.6051*I12 -> 6.9751624 | K12: =ABS(C12-J12) -> 0.2078376 | L12: =1.2*D12 -> 12.9552 | M12: =-2.2372+0.2795*L12+ 2.4762*E12+ 0.0303*F12+ 2.0105*G12+ 0.3644*H12- 0.6051*I12 -> 7.5786588 | N12: =-2.2372+0.2795*D12+ 2.4762*E12+ 0.0303*F12+ 2.0105*0.95+ 0.3644*H12- 0.6051*I12 -> 7.0475404 | O12: =C12-N12 -> 0.1354596
A13: Middle East and North Africa | B13: Israel | C13: =7157/(1000) -> 7.157 | D13: =10575/(1000) -> 10.575 | E13: 0.939 | F13: =73503/(1000) -> 73.503 | G13: 0.8 | H13: 0.031 | I13: 0.753 | J13: =-2.2372+0.2795*D13+ 2.4762*E13+ 0.0303*F13+ 2.0105*G13+ 0.3644*H13- 0.6051*I13 -> 6.4348613 | K13: =ABS(C13-J13) -> 0.7221387 | L13: =1.2*D13 -> 12.69 | M13: =-2.2372+0.2795*L13+ 2.4762*E13+ 0.0303*F13+ 2.0105*G13+ 0.3644*H13- 0.6051*I13 -> 7.0260038 | N13: =-2.2372+0.2795*D13+ 2.4762*E13+ 0.0303*F13+ 2.0105*0.95+ 0.3644*H13- 0.6051*I13 -> 6.7364363 | O13: =C13-N13 -> 0.4205637
A14: Western Europe | B14: Germany | C14: =7155/(1000) -> 7.155 | D14: =10873/(1000) -> 10.873 | E14: 0.903 | F14: =72500/(1000) -> 72.5 | G14: 0.875 | H14: 0.011 | I14: 0.46 | J14: =-2.2372+0.2795*D14+ 2.4762*E14+ 0.0303*F14+ 2.0105*G14+ 0.3644*H14- 0.6051*I14 -> 6.719412 | K14: =ABS(C14-J14) -> 0.435588 | L14: =1.2*D14 -> 13.0476 | M14: =-2.2372+0.2795*L14+ 2.4762*E14+ 0.0303*F14+ 2.0105*G14+ 0.3644*H14- 0.6051*I14 -> 7.3272127 | N14: =-2.2372+0.2795*D14+ 2.4762*E14+ 0.0303*F14+ 2.0105*0.95+ 0.3644*H14- 0.6051*I14 -> 6.8701995 | O14: =C14-N14 -> 0.2848005
A15: North America and ANZ | B15: Canada | C15: =7103/(1000) -> 7.103 | D15: =10776/(1000) -> 10.776 | E15: 0.926 | F15: =73800/(1000) -> 73.8 | G15: 0.915 | H15: 0.089 | I15: 0.415 | J15: =-2.2372+0.2795*D15+ 2.4762*E15+ 0.0303*F15+ 2.0105*G15+ 0.3644*H15- 0.6051*I15 -> 6.9247158 | K15: =ABS(C15-J15) -> 0.1782842 | L15: =1.2*D15 -> 12.9312 | M15: =-2.2372+0.2795*L15+ 2.4762*E15+ 0.0303*F15+ 2.0105*G15+ 0.3644*H15- 0.6051*I15 -> 7.5270942 | N15: =-2.2372+0.2795*D15+ 2.4762*E15+ 0.0303*F15+ 2.0105*0.95+ 0.3644*H15- 0.6051*I15 -> 6.9950833 | O15: =C15-N15 -> 0.1079167
A16: Western Europe | B16: Ireland | C16: =7085/(1000) -> 7.085 | D16: =11342/(1000) -> 11.342 | E16: 0.947 | F16: =72400/(1000) -> 72.4 | G16: 0.879 | H16: 0.077 | I16: 0.363 | J16: =-2.2372+0.2795*D16+ 2.4762*E16+ 0.0303*F16+ 2.0105*G16+ 0.3644*H16- 0.6051*I16 -> 7.0472074 | K16: =ABS(C16-J16) -> 0.0377926 | L16: =1.2*D16 -> 13.6104 | M16: =-2.2372+0.2795*L16+ 2.4762*E16+ 0.0303*F16+ 2.0105*G16+ 0.3644*H16- 0.6051*I16 -> 7.6812252 | N16: =-2.2372+0.2795*D16+ 2.4762*E16+ 0.0303*F16+ 2.0105*0.95+ 0.3644*H16- 0.6051*I16 -> 7.1899529 | O16: =C16-N16 -> -0.1049529
A17: Latin America and Caribbean | B17: Costa Rica | C17: =7069/(1000) -> 7.069 | D17: =9880/(1000) -> 9.88 | E17: 0.891 | F17: =71400/(1000) -> 71.4 | G17: 0.934 | H17: -0.126 | I17: 0.809 | J17: =-2.2372+0.2795*D17+ 2.4762*E17+ 0.0303*F17+ 2.0105*G17+ 0.3644*H17- 0.6051*I17 -> 6.2363409 | K17: =ABS(C17-J17) -> 0.8326591 | L17: =1.2*D17 -> 11.856 | M17: =-2.2372+0.2795*L17+ 2.4762*E17+ 0.0303*F17+ 2.0105*G17+ 0.3644*H17- 0.6051*I17 -> 6.7886329 | N17: =-2.2372+0.2795*D17+ 2.4762*E17+ 0.0303*F17+ 2.0105*0.95+ 0.3644*H17- 0.6051*I17 -> 6.2685089 | O17: =C17-N17 -> 0.8004911
A18: Western Europe | B18: United Kingdom | C18: =7064/(1000) -> 7.064 | D18: =10707/(1000) -> 10.707 | E18: 0.934 | F18: =72500/(1000) -> 72.5 | G18: 0.859 | H18: 0.233 | I18: 0.459 | J18: =-2.2372+0.2795*D18+ 2.4762*E18+ 0.0303*F18+ 2.0105*G18+ 0.3644*H18- 0.6051*I18 -> 6.7991111 | K18: =ABS(C18-J18) -> 0.2648889 | L18: =1.2*D18 -> 12.8484 | M18: =-2.2372+0.2795*L18+ 2.4762*E18+ 0.0303*F18+ 2.0105*G18+ 0.3644*H18- 0.6051*I18 -> 7.3976324 | N18: =-2.2372+0.2795*D18+ 2.4762*E18+ 0.0303*F18+ 2.0105*0.95+ 0.3644*H18- 0.6051*I18 -> 6.9820666 | O18: =C18-N18 -> 0.0819334
A19: Central and Eastern Europe | B19: Czech Republic | C19: =6965/(1000) -> 6.965 | D19: =10556/(1000) -> 10.556 | E19: 0.947 | F19: =70807/(1000) -> 70.807 | G19: 0.858 | H19: -0.208 | I19: 0.868 | J19: =-2.2372+0.2795*D19+ 2.4762*E19+ 0.0303*F19+ 2.0105*G19+ 0.3644*H19- 0.6051*I19 -> 6.3276025 | K19: =ABS(C19-J19) -> 0.6373975 | L19: =1.2*D19 -> 12.6672 | M19: =-2.2372+0.2795*L19+ 2.4762*E19+ 0.0303*F19+ 2.0105*G19+ 0.3644*H19- 0.6051*I19 -> 6.9176829 | N19: =-2.2372+0.2795*D19+ 2.4762*E19+ 0.0303*F19+ 2.0105*0.95+ 0.3644*H19- 0.6051*I19 -> 6.5125685 | O19: =C19-N19 -> 0.4524315
A20: North America and ANZ | B20: United States | C20: =6951/(1000) -> 6.951 | D20: =11023/(1000) -> 11.023 | E20: 0.92 | F20: =68200/(1000) -> 68.2 | G20: 0.837 | H20: 0.098 | I20: 0.698 | J20: =-2.2372+0.2795*D20+ 2.4762*E20+ 0.0303*F20+ 2.0105*G20+ 0.3644*H20- 0.6051*I20 -> 6.4844324 | K20: =ABS(C20-J20) -> 0.4665676 | L20: =1.2*D20 -> 13.2276 | M20: =-2.2372+0.2795*L20+ 2.4762*E20+ 0.0303*F20+ 2.0105*G20+ 0.3644*H20- 0.6051*I20 -> 7.1006181 | N20: =-2.2372+0.2795*D20+ 2.4762*E20+ 0.0303*F20+ 2.0105*0.95+ 0.3644*H20- 0.6051*I20 -> 6.7116189 | O20: =C20-N20 -> 0.2393811
A21: Western Europe | B21: Belgium | C21: =6834/(1000) -> 6.834 | D21: =10823/(1000) -> 10.823 | E21: 0.906 | F21: =72199/(1000) -> 72.199 | G21: 0.783 | H21: -0.153 | I21: 0.646 | J21: =-2.2372+0.2795*D21+ 2.4762*E21+ 0.0303*F21+ 2.0105*G21+ 0.3644*H21- 0.6051*I21 -> 6.3464691 | K21: =ABS(C21-J21) -> 0.4875309 | L21: =1.2*D21 -> 12.9876 | M21: =-2.2372+0.2795*L21+ 2.4762*E21+ 0.0303*F21+ 2.0105*G21+ 0.3644*H21- 0.6051*I21 -> 6.9514748 | N21: =-2.2372+0.2795*D21+ 2.4762*E21+ 0.0303*F21+ 2.0105*0.95+ 0.3644*H21- 0.6051*I21 -> 6.6822226 | O21: =C21-N21 -> 0.1517774
A22: Western Europe | B22: France | C22: =6690/(1000) -> 6.69 | D22: =10704/(1000) -> 10.704 | E22: 0.942 | F22: =74000/(1000) -> 74 | G22: 0.822 | H22: -0.147 | I22: 0.571 | J22: =-2.2372+0.2795*D22+ 2.4762*E22+ 0.0303*F22+ 2.0105*G22+ 0.3644*H22- 0.6051*I22 -> 6.5829005 | K22: =ABS(C22-J22) -> 0.1070995 | L22: =1.2*D22 -> 12.8448 | M22: =-2.2372+0.2795*L22+ 2.4762*E22+ 0.0303*F22+ 2.0105*G22+ 0.3644*H22- 0.6051*I22 -> 7.1812541 | N22: =-2.2372+0.2795*D22+ 2.4762*E22+ 0.0303*F22+ 2.0105*0.95+ 0.3644*H22- 0.6051*I22 -> 6.8402445 | O22: =C22-N22 -> -0.1502445
A23: Middle East and North Africa | B23: Bahrain | C23: =6647/(1000) -> 6.647 | D23: =10669/(1000) -> 10.669 | E23: 0.862 | F23: =69495/(1000) -> 69.495 | G23: 0.925 | H23: 0.089 | I23: 0.722 | J23: =-2.2372+0.2795*D23+ 2.4762*E23+ 0.0303*F23+ 2.0105*G23+ 0.3644*H23- 0.6051*I23 -> 6.4402303 | K23: =ABS(C23-J23) -> 0.2067697 | L23: =1.2*D23 -> 12.8028 | M23: =-2.2372+0.2795*L23+ 2.4762*E23+ 0.0303*F23+ 2.0105*G23+ 0.3644*H23- 0.6051*I23 -> 7.0366274 | N23: =-2.2372+0.2795*D23+ 2.4762*E23+ 0.0303*F23+ 2.0105*0.95+ 0.3644*H23- 0.6051*I23 -> 6.4904928 | O23: =C23-N23 -> 0.1565072
A24: Western Europe | B24: Malta | C24: =6602/(1000) -> 6.602 | D24: =10674/(1000) -> 10.674 | E24: 0.931 | F24: =72200/(1000) -> 72.2 | G24: 0.927 | H24: 0.133 | I24: 0.653 | J24: =-2.2372+0.2795*D24+ 2.4762*E24+ 0.0303*F24+ 2.0105*G24+ 0.3644*H24- 0.6051*I24 -> 6.7562536 | K24: =ABS(C24-J24) -> 0.1542536 | L24: =1.2*D24 -> 12.8088 | M24: =-2.2372+0.2795*L24+ 2.4762*E24+ 0.0303*F24+ 2.0105*G24+ 0.3644*H24- 0.6051*I24 -> 7.3529302 | N24: =-2.2372+0.2795*D24+ 2.4762*E24+ 0.0303*F24+ 2.0105*0.95+ 0.3644*H24- 0.6051*I24 -> 6.8024951 | O24: =C24-N24 -> -0.2004951
A25: East Asia | B25: Taiwan Province of China | C25: =6584/(1000) -> 6.584 | D25: =10871/(1000) -> 10.871 | E25: 0.898 | F25: =69600/(1000) -> 69.6 | G25: 0.784 | H25: -0.07 | I25: 0.721 | J25: =-2.2372+0.2795*D25+ 2.4762*E25+ 0.0303*F25+ 2.0105*G25+ 0.3644*H25- 0.6051*I25 -> 6.248199 | K25: =ABS(C25-J25) -> 0.335801 | L25: =1.2*D25 -> 13.0452 | M25: =-2.2372+0.2795*L25+ 2.4762*E25+ 0.0303*F25+ 2.0105*G25+ 0.3644*H25- 0.6051*I25 -> 6.8558879 | N25: =-2.2372+0.2795*D25+ 2.4762*E25+ 0.0303*F25+ 2.0105*0.95+ 0.3644*H25- 0.6051*I25 -> 6.581942 | O25: =C25-N25 -> 0.002058
A26: Middle East and North Africa | B26: United Arab Emirates | C26: =6561/(1000) -> 6.561 | D26: =11085/(1000) -> 11.085 | E26: 0.844 | F26: =67333/(1000) -> 67.333 | G26: 0.932 | H26: 0.074 | I26: 0.589 | J26: =-2.2372+0.2795*D26+ 2.4762*E26+ 0.0303*F26+ 2.0105*G26+ 0.3644*H26- 0.6051*I26 -> 6.5355079 | K26: =ABS(C26-J26) -> 0.0254921 | L26: =1.2*D26 -> 13.302 | M26: =-2.2372+0.2795*L26+ 2.4762*E26+ 0.0303*F26+ 2.0105*G26+ 0.3644*H26- 0.6051*I26 -> 7.1551594 | N26: =-2.2372+0.2795*D26+ 2.4762*E26+ 0.0303*F26+ 2.0105*0.95+ 0.3644*H26- 0.6051*I26 -> 6.5716969 | O26: =C26-N26 -> -0.0106969
A27: Middle East and North Africa | B27: Saudi Arabia | C27: =6494/(1000) -> 6.494 | D27: =10743/(1000) -> 10.743 | E27: 0.891 | F27: =66603/(1000) -> 66.603 | G27: 0.877 | H27: -0.149 | I27: 0.684 | J27: =-2.2372+0.2795*D27+ 2.4762*E27+ 0.0303*F27+ 2.0105*G27+ 0.3644*H27- 0.6051*I27 -> 6.2848581 | K27: =ABS(C27-J27) -> 0.2091419 | L27: =1.2*D27 -> 12.8916 | M27: =-2.2372+0.2795*L27+ 2.4762*E27+ 0.0303*F27+ 2.0105*G27+ 0.3644*H27- 0.6051*I27 -> 6.8853918 | N27: =-2.2372+0.2795*D27+ 2.4762*E27+ 0.0303*F27+ 2.0105*0.95+ 0.3644*H27- 0.6051*I27 -> 6.4316246 | O27: =C27-N27 -> 0.0623754
A28: Western Europe | B28: Spain | C28: =6491/(1000) -> 6.491 | D28: =10571/(1000) -> 10.571 | E28: 0.932 | F28: =74700/(1000) -> 74.7 | G28: 0.761 | H28: -0.081 | I28: 0.745 | J28: =-2.2372+0.2795*D28+ 2.4762*E28+ 0.0303*F28+ 2.0105*G28+ 0.3644*H28- 0.6051*I28 -> 6.3382975 | K28: =ABS(C28-J28) -> 0.1527025 | L28: =1.2*D28 -> 12.6852 | M28: =-2.2372+0.2795*L28+ 2.4762*E28+ 0.0303*F28+ 2.0105*G28+ 0.3644*H28- 0.6051*I28 -> 6.9292164 | N28: =-2.2372+0.2795*D28+ 2.4762*E28+ 0.0303*F28+ 2.0105*0.95+ 0.3644*H28- 0.6051*I28 -> 6.718282 | O28: =C28-N28 -> -0.227282
A29: Western Europe | B29: Italy | C29: =6483/(1000) -> 6.483 | D29: =10623/(1000) -> 10.623 | E29: 0.88 | F29: =73800/(1000) -> 73.8 | G29: 0.693 | H29: -0.084 | I29: 0.866 | J29: =-2.2372+0.2795*D29+ 2.4762*E29+ 0.0303*F29+ 2.0105*G29+ 0.3644*H29- 0.6051*I29 -> 5.9857748 | K29: =ABS(C29-J29) -> 0.4972252 | L29: =1.2*D29 -> 12.7476 | M29: =-2.2372+0.2795*L29+ 2.4762*E29+ 0.0303*F29+ 2.0105*G29+ 0.3644*H29- 0.6051*I29 -> 6.5796005 | N29: =-2.2372+0.2795*D29+ 2.4762*E29+ 0.0303*F29+ 2.0105*0.95+ 0.3644*H29- 0.6051*I29 -> 6.5024733 | O29: =C29-N29 -> -0.0194733
A30: Central and Eastern Europe | B30: Slovenia | C30: =6461/(1000) -> 6.461 | D30: =10529/(1000) -> 10.529 | E30: 0.948 | F30: =71400/(1000) -> 71.4 | G30: 0.949 | H30: -0.101 | I30: 0.806 | J30: =-2.2372+0.2795*D30+ 2.4762*E30+ 0.0303*F30+ 2.0105*G30+ 0.3644*H30- 0.6051*I30 -> 6.5999626 | K30: =ABS(C30-J30) -> 0.1389626 | L30: =1.2*D30 -> 12.6348 | M30: =-2.2372+0.2795*L30+ 2.4762*E30+ 0.0303*F30+ 2.0105*G30+ 0.3644*H30- 0.6051*I30 -> 7.1885337 | N30: =-2.2372+0.2795*D30+ 2.4762*E30+ 0.0303*F30+ 2.0105*0.95+ 0.3644*H30- 0.6051*I30 -> 6.6019731 | O30: =C30-N30 -> -0.1409731
A31: Latin America and Caribbean | B31: Guatemala | C31: =6435/(1000) -> 6.435 | D31: =9053/(1000) -> 9.053 | E31: 0.813 | F31: =64958/(1000) -> 64.958 | G31: 0.906 | H31: -0.038 | I31: 0.775 | J31: =-2.2372+0.2795*D31+ 2.4762*E31+ 0.0303*F31+ 2.0105*G31+ 0.3644*H31- 0.6051*I31 -> 5.6132048 | K31: =ABS(C31-J31) -> 0.8217952 | L31: =1.2*D31 -> 10.8636 | M31: =-2.2372+0.2795*L31+ 2.4762*E31+ 0.0303*F31+ 2.0105*G31+ 0.3644*H31- 0.6051*I31 -> 6.1192675 | N31: =-2.2372+0.2795*D31+ 2.4762*E31+ 0.0303*F31+ 2.0105*0.95+ 0.3644*H31- 0.6051*I31 -> 5.7016668 | O31: =C31-N31 -> 0.7333332
A32: Latin America and Caribbean | B32: Uruguay | C32: =6431/(1000) -> 6.431 | D32: =9966/(1000) -> 9.966 | E32: 0.925 | F32: =69100/(1000) -> 69.1 | G32: 0.896 | H32: -0.092 | I32: 0.59 | J32: =-2.2372+0.2795*D32+ 2.4762*E32+ 0.0303*F32+ 2.0105*G32+ 0.3644*H32- 0.6051*I32 -> 6.3433862 | K32: =ABS(C32-J32) -> 0.0876138 | L32: =1.2*D32 -> 11.9592 | M32: =-2.2372+0.2795*L32+ 2.4762*E32+ 0.0303*F32+ 2.0105*G32+ 0.3644*H32- 0.6051*I32 -> 6.9004856 | N32: =-2.2372+0.2795*D32+ 2.4762*E32+ 0.0303*F32+ 2.0105*0.95+ 0.3644*H32- 0.6051*I32 -> 6.4519532 | O32: =C32-N32 -> -0.0209532
A33: Southeast Asia | B33: Singapore | C33: =6377/(1000) -> 6.377 | D33: =11488/(1000) -> 11.488 | E33: 0.915 | F33: =76953/(1000) -> 76.953 | G33: 0.927 | H33: -0.018 | I33: 0.082 | J33: =-2.2372+0.2795*D33+ 2.4762*E33+ 0.0303*F33+ 2.0105*G33+ 0.3644*H33- 0.6051*I33 -> 7.378651 | K33: =ABS(C33-J33) -> 1.001651 | L33: =1.2*D33 -> 13.7856 | M33: =-2.2372+0.2795*L33+ 2.4762*E33+ 0.0303*F33+ 2.0105*G33+ 0.3644*H33- 0.6051*I33 -> 8.0208302 | N33: =-2.2372+0.2795*D33+ 2.4762*E33+ 0.0303*F33+ 2.0105*0.95+ 0.3644*H33- 0.6051*I33 -> 7.4248925 | O33: =C33-N33 -> -1.0478925
A34: Central and Eastern Europe | B34: Kosovo | C34: =6372/(1000) -> 6.372 | D34: =9318/(1000) -> 9.318 | E34: 0.821 | F34: =63813/(1000) -> 63.813 | G34: 0.869 | H34: 0.257 | I34: 0.917 | J34: =-2.2372+0.2795*D34+ 2.4762*E34+ 0.0303*F34+ 2.0105*G34+ 0.3644*H34- 0.6051*I34 -> 5.6195737 | K34: =ABS(C34-J34) -> 0.7524263 | L34: =1.2*D34 -> 11.1816 | M34: =-2.2372+0.2795*L34+ 2.4762*E34+ 0.0303*F34+ 2.0105*G34+ 0.3644*H34- 0.6051*I34 -> 6.1404499 | N34: =-2.2372+0.2795*D34+ 2.4762*E34+ 0.0303*F34+ 2.0105*0.95+ 0.3644*H34- 0.6051*I34 -> 5.7824242 | O34: =C34-N34 -> 0.5895758
A35: Central and Eastern Europe | B35: Slovakia | C35: =6331/(1000) -> 6.331 | D35: =10369/(1000) -> 10.369 | E35: 0.936 | F35: =69201/(1000) -> 69.201 | G35: 0.766 | H35: -0.124 | I35: 0.911 | J35: =-2.2372+0.2795*D35+ 2.4762*E35+ 0.0303*F35+ 2.0105*G35+ 0.3644*H35- 0.6051*I35 -> 6.0190603 | K35: =ABS(C35-J35) -> 0.3119397 | L35: =1.2*D35 -> 12.4428 | M35: =-2.2372+0.2795*L35+ 2.4762*E35+ 0.0303*F35+ 2.0105*G35+ 0.3644*H35- 0.6051*I35 -> 6.5986874 | N35: =-2.2372+0.2795*D35+ 2.4762*E35+ 0.0303*F35+ 2.0105*0.95+ 0.3644*H35- 0.6051*I35 -> 6.3889923 | O35: =C35-N35 -> -0.0579923
A36: Latin America and Caribbean | B36: Brazil | C36: =6330/(1000) -> 6.33 | D36: =9577/(1000) -> 9.577 | E36: 0.882 | F36: =66601/(1000) -> 66.601 | G36: 0.804 | H36: -0.071 | I36: 0.756 | J36: =-2.2372+0.2795*D36+ 2.4762*E36+ 0.0303*F36+ 2.0105*G36+ 0.3644*H36- 0.6051*I36 -> 5.7747042 | K36: =ABS(C36-J36) -> 0.5552958 | L36: =1.2*D36 -> 11.4924 | M36: =-2.2372+0.2795*L36+ 2.4762*E36+ 0.0303*F36+ 2.0105*G36+ 0.3644*H36- 0.6051*I36 -> 6.3100585 | N36: =-2.2372+0.2795*D36+ 2.4762*E36+ 0.0303*F36+ 2.0105*0.95+ 0.3644*H36- 0.6051*I36 -> 6.0682372 | O36: =C36-N36 -> 0.2617628
A37: Latin America and Caribbean | B37: Mexico | C37: =6317/(1000) -> 6.317 | D37: =9859/(1000) -> 9.859 | E37: 0.831 | F37: =68597/(1000) -> 68.597 | G37: 0.862 | H37: -0.147 | I37: 0.799 | J37: =-2.2372+0.2795*D37+ 2.4762*E37+ 0.0303*F37+ 2.0105*G37+ 0.3644*H37- 0.6051*I37 -> 5.8506111 | K37: =ABS(C37-J37) -> 0.4663889 | L37: =1.2*D37 -> 11.8308 | M37: =-2.2372+0.2795*L37+ 2.4762*E37+ 0.0303*F37+ 2.0105*G37+ 0.3644*H37- 0.6051*I37 -> 6.4017292 | N37: =-2.2372+0.2795*D37+ 2.4762*E37+ 0.0303*F37+ 2.0105*0.95+ 0.3644*H37- 0.6051*I37 -> 6.0275351 | O37: =C37-N37 -> 0.2894649
A38: Latin America and Caribbean | B38: Jamaica | C38: =6309/(1000) -> 6.309 | D38: =9186/(1000) -> 9.186 | E38: 0.877 | F38: =67500/(1000) -> 67.5 | G38: 0.89 | H38: -0.137 | I38: 0.884 | J38: =-2.2372+0.2795*D38+ 2.4762*E38+ 0.0303*F38+ 2.0105*G38+ 0.3644*H38- 0.6051*I38 -> 5.7516782 | K38: =ABS(C38-J38) -> 0.5573218 | L38: =1.2*D38 -> 11.0232 | M38: =-2.2372+0.2795*L38+ 2.4762*E38+ 0.0303*F38+ 2.0105*G38+ 0.3644*H38- 0.6051*I38 -> 6.2651756 | N38: =-2.2372+0.2795*D38+ 2.4762*E38+ 0.0303*F38+ 2.0105*0.95+ 0.3644*H38- 0.6051*I38 -> 5.8723082 | O38: =C38-N38 -> 0.4366918
A39: Central and Eastern Europe | B39: Lithuania | C39: =6255/(1000) -> 6.255 | D39: =10499/(1000) -> 10.499 | E39: 0.935 | F39: =67906/(1000) -> 67.906 | G39: 0.773 | H39: -0.203 | I39: 0.826 | J39: =-2.2372+0.2795*D39+ 2.4762*E39+ 0.0303*F39+ 2.0105*G39+ 0.3644*H39- 0.6051*I39 -> 6.0504 | K39: =ABS(C39-J39) -> 0.2046 | L39: =1.2*D39 -> 12.5988 | M39: =-2.2372+0.2795*L39+ 2.4762*E39+ 0.0303*F39+ 2.0105*G39+ 0.3644*H39- 0.6051*I39 -> 6.6372941 | N39: =-2.2372+0.2795*D39+ 2.4762*E39+ 0.0303*F39+ 2.0105*0.95+ 0.3644*H39- 0.6051*I39 -> 6.4062585 | O39: =C39-N39 -> -0.1512585
A40: Western Europe | B40: Cyprus | C40: =6223/(1000) -> 6.223 | D40: =10576/(1000) -> 10.576 | E40: 0.802 | F40: =73898/(1000) -> 73.898 | G40: 0.763 | H40: -0.015 | I40: 0.844 | J40: =-2.2372+0.2795*D40+ 2.4762*E40+ 0.0303*F40+ 2.0105*G40+ 0.3644*H40- 0.6051*I40 -> 5.9616549 | K40: =ABS(C40-J40) -> 0.2613451 | L40: =1.2*D40 -> 12.6912 | M40: =-2.2372+0.2795*L40+ 2.4762*E40+ 0.0303*F40+ 2.0105*G40+ 0.3644*H40- 0.6051*I40 -> 6.5528533 | N40: =-2.2372+0.2795*D40+ 2.4762*E40+ 0.0303*F40+ 2.0105*0.95+ 0.3644*H40- 0.6051*I40 -> 6.3376184 | O40: =C40-N40 -> -0.1146184
A41: Central and Eastern Europe | B41: Estonia | C41: =6189/(1000) -> 6.189 | D41: =10481/(1000) -> 10.481 | E41: 0.941 | F41: =68800/(1000) -> 68.8 | G41: 0.909 | H41: -0.106 | I41: 0.527 | J41: =-2.2372+0.2795*D41+ 2.4762*E41+ 0.0303*F41+ 2.0105*G41+ 0.3644*H41- 0.6051*I41 -> 6.5770141 | K41: =ABS(C41-J41) -> 0.3880141 | L41: =1.2*D41 -> 12.5772 | M41: =-2.2372+0.2795*L41+ 2.4762*E41+ 0.0303*F41+ 2.0105*G41+ 0.3644*H41- 0.6051*I41 -> 7.162902 | N41: =-2.2372+0.2795*D41+ 2.4762*E41+ 0.0303*F41+ 2.0105*0.95+ 0.3644*H41- 0.6051*I41 -> 6.6594446 | O41: =C41-N41 -> -0.4704446
A42: Latin America and Caribbean | B42: Panama | C42: =6180/(1000) -> 6.18 | D42: =10350/(1000) -> 10.35 | E42: 0.896 | F42: =69652/(1000) -> 69.652 | G42: 0.872 | H42: -0.166 | I42: 0.856 | J42: =-2.2372+0.2795*D42+ 2.4762*E42+ 0.0303*F42+ 2.0105*G42+ 0.3644*H42- 0.6051*I42 -> 6.1594558 | K42: =ABS(C42-J42) -> 0.0205442 | L42: =1.2*D42 -> 12.42 | M42: =-2.2372+0.2795*L42+ 2.4762*E42+ 0.0303*F42+ 2.0105*G42+ 0.3644*H42- 0.6051*I42 -> 6.7380208 | N42: =-2.2372+0.2795*D42+ 2.4762*E42+ 0.0303*F42+ 2.0105*0.95+ 0.3644*H42- 0.6051*I42 -> 6.3162748 | O42: =C42-N42 -> -0.1362748
A43: Commonwealth of Independent States | B43: Uzbekistan | C43: =6179/(1000) -> 6.179 | D43: =8836/(1000) -> 8.836 | E43: 0.918 | F43: =65255/(1000) -> 65.255 | G43: 0.97 | H43: 0.311 | I43: 0.515 | J43: =-2.2372+0.2795*D43+ 2.4762*E43+ 0.0303*F43+ 2.0105*G43+ 0.3644*H43- 0.6051*I43 -> 6.234727 | K43: =ABS(C43-J43) -> 0.055727 | L43: =1.2*D43 -> 10.6032 | M43: =-2.2372+0.2795*L43+ 2.4762*E43+ 0.0303*F43+ 2.0105*G43+ 0.3644*H43- 0.6051*I43 -> 6.7286594 | N43: =-2.2372+0.2795*D43+ 2.4762*E43+ 0.0303*F43+ 2.0105*0.95+ 0.3644*H43- 0.6051*I43 -> 6.194517 | O43: =C43-N43 -> -0.015517
A44: Latin America and Caribbean | B44: Chile | C44: =6172/(1000) -> 6.172 | D44: =10071/(1000) -> 10.071 | E44: 0.882 | F44: =70000/(1000) -> 70 | G44: 0.742 | H44: -0.044 | I44: 0.83 | J44: =-2.2372+0.2795*D44+ 2.4762*E44+ 0.0303*F44+ 2.0105*G44+ 0.3644*H44- 0.6051*I44 -> 5.8561773 | K44: =ABS(C44-J44) -> 0.3158227 | L44: =1.2*D44 -> 12.0852 | M44: =-2.2372+0.2795*L44+ 2.4762*E44+ 0.0303*F44+ 2.0105*G44+ 0.3644*H44- 0.6051*I44 -> 6.4191462 | N44: =-2.2372+0.2795*D44+ 2.4762*E44+ 0.0303*F44+ 2.0105*0.95+ 0.3644*H44- 0.6051*I44 -> 6.2743613 | O44: =C44-N44 -> -0.1023613
A45: Central and Eastern Europe | B45: Poland | C45: =6166/(1000) -> 6.166 | D45: =10382/(1000) -> 10.382 | E45: 0.898 | F45: =69702/(1000) -> 69.702 | G45: 0.841 | H45: -0.165 | I45: 0.735 | J45: =-2.2372+0.2795*D45+ 2.4762*E45+ 0.0303*F45+ 2.0105*G45+ 0.3644*H45- 0.6051*I45 -> 6.1861232 | K45: =ABS(C45-J45) -> 0.0201232 | L45: =1.2*D45 -> 12.4584 | M45: =-2.2372+0.2795*L45+ 2.4762*E45+ 0.0303*F45+ 2.0105*G45+ 0.3644*H45- 0.6051*I45 -> 6.766477 | N45: =-2.2372+0.2795*D45+ 2.4762*E45+ 0.0303*F45+ 2.0105*0.95+ 0.3644*H45- 0.6051*I45 -> 6.4052677 | O45: =C45-N45 -> -0.2392677
A46: Commonwealth of Independent States | B46: Kazakhstan | C46: =6152/(1000) -> 6.152 | D46: =10155/(1000) -> 10.155 | E46: 0.952 | F46: =65200/(1000) -> 65.2 | G46: 0.853 | H46: -0.069 | I46: 0.733 | J46: =-2.2372+0.2795*D46+ 2.4762*E46+ 0.0303*F46+ 2.0105*G46+ 0.3644*H46- 0.6051*I46 -> 6.1802995 | K46: =ABS(C46-J46) -> 0.0282995 | L46: =1.2*D46 -> 12.186 | M46: =-2.2372+0.2795*L46+ 2.4762*E46+ 0.0303*F46+ 2.0105*G46+ 0.3644*H46- 0.6051*I46 -> 6.747964 | N46: =-2.2372+0.2795*D46+ 2.4762*E46+ 0.0303*F46+ 2.0105*0.95+ 0.3644*H46- 0.6051*I46 -> 6.375318 | O46: =C46-N46 -> -0.223318
A47: Central and Eastern Europe | B47: Romania | C47: =6140/(1000) -> 6.14 | D47: =10284/(1000) -> 10.284 | E47: 0.832 | F47: =67355/(1000) -> 67.355 | G47: 0.845 | H47: -0.219 | I47: 0.938 | J47: =-2.2372+0.2795*D47+ 2.4762*E47+ 0.0303*F47+ 2.0105*G47+ 0.3644*H47- 0.6051*I47 -> 5.789718 | K47: =ABS(C47-J47) -> 0.350282 | L47: =1.2*D47 -> 12.3408 | M47: =-2.2372+0.2795*L47+ 2.4762*E47+ 0.0303*F47+ 2.0105*G47+ 0.3644*H47- 0.6051*I47 -> 6.3645936 | N47: =-2.2372+0.2795*D47+ 2.4762*E47+ 0.0303*F47+ 2.0105*0.95+ 0.3644*H47- 0.6051*I47 -> 6.0008205 | O47: =C47-N47 -> 0.1391795
A48: Middle East and North Africa | B48: Kuwait | C48: =6106/(1000) -> 6.106 | D48: =10817/(1000) -> 10.817 | E48: 0.843 | F48: =66900/(1000) -> 66.9 | G48: 0.867 | H48: -0.104 | I48: 0.736 | J48: =-2.2372+0.2795*D48+ 2.4762*E48+ 0.0303*F48+ 2.0105*G48+ 0.3644*H48- 0.6051*I48 -> 6.1605104 | K48: =ABS(C48-J48) -> 0.0545104 | L48: =1.2*D48 -> 12.9804 | M48: =-2.2372+0.2795*L48+ 2.4762*E48+ 0.0303*F48+ 2.0105*G48+ 0.3644*H48- 0.6051*I48 -> 6.7651807 | N48: =-2.2372+0.2795*D48+ 2.4762*E48+ 0.0303*F48+ 2.0105*0.95+ 0.3644*H48- 0.6051*I48 -> 6.3273819 | O48: =C48-N48 -> -0.2213819
A49: Central and Eastern Europe | B49: Serbia | C49: =6078/(1000) -> 6.078 | D49: =9787/(1000) -> 9.787 | E49: 0.873 | F49: =68600/(1000) -> 68.6 | G49: 0.778 | H49: 0.002 | I49: 0.835 | J49: =-2.2372+0.2795*D49+ 2.4762*E49+ 0.0303*F49+ 2.0105*G49+ 0.3644*H49- 0.6051*I49 -> 5.7982084 | K49: =ABS(C49-J49) -> 0.2797916 | L49: =1.2*D49 -> 11.7444 | M49: =-2.2372+0.2795*L49+ 2.4762*E49+ 0.0303*F49+ 2.0105*G49+ 0.3644*H49- 0.6051*I49 -> 6.3453017 | N49: =-2.2372+0.2795*D49+ 2.4762*E49+ 0.0303*F49+ 2.0105*0.95+ 0.3644*H49- 0.6051*I49 -> 6.1440144 | O49: =C49-N49 -> -0.0660144
A50: Latin America and Caribbean | B50: El Salvador | C50: =6061/(1000) -> 6.061 | D50: =9054/(1000) -> 9.054 | E50: 0.762 | F50: =66402/(1000) -> 66.402 | G50: 0.888 | H50: -0.11 | I50: 0.688 | J50: =-2.2372+0.2795*D50+ 2.4762*E50+ 0.0303*F50+ 2.0105*G50+ 0.3644*H50- 0.6051*I50 -> 5.5211692 | K50: =ABS(C50-J50) -> 0.5398308 | L50: =1.2*D50 -> 10.8648 | M50: =-2.2372+0.2795*L50+ 2.4762*E50+ 0.0303*F50+ 2.0105*G50+ 0.3644*H50- 0.6051*I50 -> 6.0272878 | N50: =-2.2372+0.2795*D50+ 2.4762*E50+ 0.0303*F50+ 2.0105*0.95+ 0.3644*H50- 0.6051*I50 -> 5.6458202 | O50: =C50-N50 -> 0.4151798
A51: Sub-Saharan Africa | B51: Mauritius | C51: =6049/(1000) -> 6.049 | D51: =10008/(1000) -> 10.008 | E51: 0.905 | F51: =66701/(1000) -> 66.701 | G51: 0.867 | H51: -0.054 | I51: 0.789 | J51: =-2.2372+0.2795*D51+ 2.4762*E51+ 0.0303*F51+ 2.0105*G51+ 0.3644*H51- 0.6051*I51 -> 6.0680393 | K51: =ABS(C51-J51) -> 0.0190393 | L51: =1.2*D51 -> 12.0096 | M51: =-2.2372+0.2795*L51+ 2.4762*E51+ 0.0303*F51+ 2.0105*G51+ 0.3644*H51- 0.6051*I51 -> 6.6274865 | N51: =-2.2372+0.2795*D51+ 2.4762*E51+ 0.0303*F51+ 2.0105*0.95+ 0.3644*H51- 0.6051*I51 -> 6.2349108 | O51: =C51-N51 -> -0.1859108
A52: Central and Eastern Europe | B52: Latvia | C52: =6032/(1000) -> 6.032 | D52: =10315/(1000) -> 10.315 | E52: 0.927 | F52: =67100/(1000) -> 67.1 | G52: 0.715 | H52: -0.162 | I52: 0.8 | J52: =-2.2372+0.2795*D52+ 2.4762*E52+ 0.0303*F52+ 2.0105*G52+ 0.3644*H52- 0.6051*I52 -> 5.8688046 | K52: =ABS(C52-J52) -> 0.1631954 | L52: =1.2*D52 -> 12.378 | M52: =-2.2372+0.2795*L52+ 2.4762*E52+ 0.0303*F52+ 2.0105*G52+ 0.3644*H52- 0.6051*I52 -> 6.4454131 | N52: =-2.2372+0.2795*D52+ 2.4762*E52+ 0.0303*F52+ 2.0105*0.95+ 0.3644*H52- 0.6051*I52 -> 6.3412721 | O52: =C52-N52 -> -0.3092721
A53: Latin America and Caribbean | B53: Colombia | C53: =6012/(1000) -> 6.012 | D53: =9557/(1000) -> 9.557 | E53: 0.847 | F53: =68001/(1000) -> 68.001 | G53: 0.837 | H53: -0.135 | I53: 0.841 | J53: =-2.2372+0.2795*D53+ 2.4762*E53+ 0.0303*F53+ 2.0105*G53+ 0.3644*H53- 0.6051*I53 -> 5.7164586 | K53: =ABS(C53-J53) -> 0.2955414 | L53: =1.2*D53 -> 11.4684 | M53: =-2.2372+0.2795*L53+ 2.4762*E53+ 0.0303*F53+ 2.0105*G53+ 0.3644*H53- 0.6051*I53 -> 6.2506949 | N53: =-2.2372+0.2795*D53+ 2.4762*E53+ 0.0303*F53+ 2.0105*0.95+ 0.3644*H53- 0.6051*I53 -> 5.9436451 | O53: =C53-N53 -> 0.0683549
A54: Central and Eastern Europe | B54: Hungary | C54: =5992/(1000) -> 5.992 | D54: =10358/(1000) -> 10.358 | E54: 0.943 | F54: =68000/(1000) -> 68 | G54: 0.755 | H54: -0.186 | I54: 0.876 | J54: =-2.2372+0.2795*D54+ 2.4762*E54+ 0.0303*F54+ 2.0105*G54+ 0.3644*H54- 0.6051*I54 -> 5.9733991 | K54: =ABS(C54-J54) -> 0.0186009 | L54: =1.2*D54 -> 12.4296 | M54: =-2.2372+0.2795*L54+ 2.4762*E54+ 0.0303*F54+ 2.0105*G54+ 0.3644*H54- 0.6051*I54 -> 6.5524113 | N54: =-2.2372+0.2795*D54+ 2.4762*E54+ 0.0303*F54+ 2.0105*0.95+ 0.3644*H54- 0.6051*I54 -> 6.3654466 | O54: =C54-N54 -> -0.3734466
A55: Southeast Asia | B55: Thailand | C55: =5985/(1000) -> 5.985 | D55: =9805/(1000) -> 9.805 | E55: 0.888 | F55: =67401/(1000) -> 67.401 | G55: 0.884 | H55: 0.287 | I55: 0.895 | J55: =-2.2372+0.2795*D55+ 2.4762*E55+ 0.0303*F55+ 2.0105*G55+ 0.3644*H55- 0.6051*I55 -> 6.0847137 | K55: =ABS(C55-J55) -> 0.0997137 | L55: =1.2*D55 -> 11.766 | M55: =-2.2372+0.2795*L55+ 2.4762*E55+ 0.0303*F55+ 2.0105*G55+ 0.3644*H55- 0.6051*I55 -> 6.6328132 | N55: =-2.2372+0.2795*D55+ 2.4762*E55+ 0.0303*F55+ 2.0105*0.95+ 0.3644*H55- 0.6051*I55 -> 6.2174067 | O55: =C55-N55 -> -0.2324067
A56: Latin America and Caribbean | B56: Nicaragua | C56: =5972/(1000) -> 5.972 | D56: =8620/(1000) -> 8.62 | E56: 0.864 | F56: =67657/(1000) -> 67.657 | G56: 0.836 | H56: 0.02 | I56: 0.664 | J56: =-2.2372+0.2795*D56+ 2.4762*E56+ 0.0303*F56+ 2.0105*G56+ 0.3644*H56- 0.6051*I56 -> 5.6478135 | K56: =ABS(C56-J56) -> 0.3241865 | L56: =1.2*D56 -> 10.344 | M56: =-2.2372+0.2795*L56+ 2.4762*E56+ 0.0303*F56+ 2.0105*G56+ 0.3644*H56- 0.6051*I56 -> 6.1296715 | N56: =-2.2372+0.2795*D56+ 2.4762*E56+ 0.0303*F56+ 2.0105*0.95+ 0.3644*H56- 0.6051*I56 -> 5.8770105 | O56: =C56-N56 -> 0.0949895
A57: East Asia | B57: Japan | C57: =5940/(1000) -> 5.94 | D57: =10611/(1000) -> 10.611 | E57: 0.884 | F57: =75100/(1000) -> 75.1 | G57: 0.796 | H57: -0.258 | I57: 0.638 | J57: =-2.2372+0.2795*D57+ 2.4762*E57+ 0.0303*F57+ 2.0105*G57+ 0.3644*H57- 0.6051*I57 -> 6.3133543 | K57: =ABS(C57-J57) -> 0.3733543 | L57: =1.2*D57 -> 12.7332 | M57: =-2.2372+0.2795*L57+ 2.4762*E57+ 0.0303*F57+ 2.0105*G57+ 0.3644*H57- 0.6051*I57 -> 6.9065092 | N57: =-2.2372+0.2795*D57+ 2.4762*E57+ 0.0303*F57+ 2.0105*0.95+ 0.3644*H57- 0.6051*I57 -> 6.6229713 | O57: =C57-N57 -> -0.6829713
A58: Latin America and Caribbean | B58: Argentina | C58: =5929/(1000) -> 5.929 | D58: =9962/(1000) -> 9.962 | E58: 0.898 | F58: =69000/(1000) -> 69 | G58: 0.828 | H58: -0.182 | I58: 0.834 | J58: =-2.2372+0.2795*D58+ 2.4762*E58+ 0.0303*F58+ 2.0105*G58+ 0.3644*H58- 0.6051*I58 -> 5.9552264 | K58: =ABS(C58-J58) -> 0.0262264 | L58: =1.2*D58 -> 11.9544 | M58: =-2.2372+0.2795*L58+ 2.4762*E58+ 0.0303*F58+ 2.0105*G58+ 0.3644*H58- 0.6051*I58 -> 6.5121022 | N58: =-2.2372+0.2795*D58+ 2.4762*E58+ 0.0303*F58+ 2.0105*0.95+ 0.3644*H58- 0.6051*I58 -> 6.2005074 | O58: =C58-N58 -> -0.2715074
A59: Western Europe | B59: Portugal | C59: =5929/(1000) -> 5.929 | D59: =10421/(1000) -> 10.421 | E59: 0.879 | F59: =72600/(1000) -> 72.6 | G59: 0.892 | H59: -0.244 | I59: 0.887 | J59: =-2.2372+0.2795*D59+ 2.4762*E59+ 0.0303*F59+ 2.0105*G59+ 0.3644*H59- 0.6051*I59 -> 6.219558 | K59: =ABS(C59-J59) -> 0.290558 | L59: =1.2*D59 -> 12.5052 | M59: =-2.2372+0.2795*L59+ 2.4762*E59+ 0.0303*F59+ 2.0105*G59+ 0.3644*H59- 0.6051*I59 -> 6.8020919 | N59: =-2.2372+0.2795*D59+ 2.4762*E59+ 0.0303*F59+ 2.0105*0.95+ 0.3644*H59- 0.6051*I59 -> 6.336167 | O59: =C59-N59 -> -0.407167
A60: Latin America and Caribbean | B60: Honduras | C60: =5919/(1000) -> 5.919 | D60: =8648/(1000) -> 8.648 | E60: 0.812 | F60: =67300/(1000) -> 67.3 | G60: 0.857 | H60: 0.081 | I60: 0.809 | J60: =-2.2372+0.2795*D60+ 2.4762*E60+ 0.0303*F60+ 2.0105*G60+ 0.3644*H60- 0.6051*I60 -> 5.4927694 | K60: =ABS(C60-J60) -> 0.4262306 | L60: =1.2*D60 -> 10.3776 | M60: =-2.2372+0.2795*L60+ 2.4762*E60+ 0.0303*F60+ 2.0105*G60+ 0.3644*H60- 0.6051*I60 -> 5.9761926 | N60: =-2.2372+0.2795*D60+ 2.4762*E60+ 0.0303*F60+ 2.0105*0.95+ 0.3644*H60- 0.6051*I60 -> 5.6797459 | O60: =C60-N60 -> 0.2392541
A61: Central and Eastern Europe | B61: Croatia | C61: =5882/(1000) -> 5.882 | D61: =10217/(1000) -> 10.217 | E61: 0.924 | F61: =70799/(1000) -> 70.799 | G61: 0.754 | H61: -0.118 | I61: 0.939 | J61: =-2.2372+0.2795*D61+ 2.4762*E61+ 0.0303*F61+ 2.0105*G61+ 0.3644*H61- 0.6051*I61 -> 5.9563989 | K61: =ABS(C61-J61) -> 0.0743989 | L61: =1.2*D61 -> 12.2604 | M61: =-2.2372+0.2795*L61+ 2.4762*E61+ 0.0303*F61+ 2.0105*G61+ 0.3644*H61- 0.6051*I61 -> 6.5275292 | N61: =-2.2372+0.2795*D61+ 2.4762*E61+ 0.0303*F61+ 2.0105*0.95+ 0.3644*H61- 0.6051*I61 -> 6.3504569 | O61: =C61-N61 -> -0.4684569
A62: Southeast Asia | B62: Philippines | C62: =5880/(1000) -> 5.88 | D62: =9076/(1000) -> 9.076 | E62: 0.83 | F62: =62000/(1000) -> 62 | G62: 0.917 | H62: -0.097 | I62: 0.742 | J62: =-2.2372+0.2795*D62+ 2.4762*E62+ 0.0303*F62+ 2.0105*G62+ 0.3644*H62- 0.6051*I62 -> 5.5926855 | K62: =ABS(C62-J62) -> 0.2873145 | L62: =1.2*D62 -> 10.8912 | M62: =-2.2372+0.2795*L62+ 2.4762*E62+ 0.0303*F62+ 2.0105*G62+ 0.3644*H62- 0.6051*I62 -> 6.1000339 | N62: =-2.2372+0.2795*D62+ 2.4762*E62+ 0.0303*F62+ 2.0105*0.95+ 0.3644*H62- 0.6051*I62 -> 5.659032 | O62: =C62-N62 -> 0.220968
A63: East Asia | B63: South Korea | C63: =5845/(1000) -> 5.845 | D63: =10651/(1000) -> 10.651 | E63: 0.799 | F63: =73900/(1000) -> 73.9 | G63: 0.672 | H63: -0.083 | I63: 0.727 | J63: =-2.2372+0.2795*D63+ 2.4762*E63+ 0.0303*F63+ 2.0105*G63+ 0.3644*H63- 0.6051*I63 -> 5.8383114 | K63: =ABS(C63-J63) -> 0.0066886 | L63: =1.2*D63 -> 12.7812 | M63: =-2.2372+0.2795*L63+ 2.4762*E63+ 0.0303*F63+ 2.0105*G63+ 0.3644*H63- 0.6051*I63 -> 6.4337023 | N63: =-2.2372+0.2795*D63+ 2.4762*E63+ 0.0303*F63+ 2.0105*0.95+ 0.3644*H63- 0.6051*I63 -> 6.3972304 | O63: =C63-N63 -> -0.5522304
A64: Latin America and Caribbean | B64: Peru | C64: =5840/(1000) -> 5.84 | D64: =9458/(1000) -> 9.458 | E64: 0.832 | F64: =68250/(1000) -> 68.25 | G64: 0.822 | H64: -0.154 | I64: 0.891 | J64: =-2.2372+0.2795*D64+ 2.4762*E64+ 0.0303*F64+ 2.0105*G64+ 0.3644*H64- 0.6051*I64 -> 5.5918537 | K64: =ABS(C64-J64) -> 0.2481463 | L64: =1.2*D64 -> 11.3496 | M64: =-2.2372+0.2795*L64+ 2.4762*E64+ 0.0303*F64+ 2.0105*G64+ 0.3644*H64- 0.6051*I64 -> 6.1205559 | N64: =-2.2372+0.2795*D64+ 2.4762*E64+ 0.0303*F64+ 2.0105*0.95+ 0.3644*H64- 0.6051*I64 -> 5.8491977 | O64: =C64-N64 -> -0.0091977
A65: Central and Eastern Europe | B65: Bosnia and Herzegovina | C65: =5813/(1000) -> 5.813 | D65: =9590/(1000) -> 9.59 | E65: 0.87 | F65: =68098/(1000) -> 68.098 | G65: 0.706 | H65: 0.113 | I65: 0.931 | J65: =-2.2372+0.2795*D65+ 2.4762*E65+ 0.0303*F65+ 2.0105*G65+ 0.3644*H65- 0.6051*I65 -> 5.5581105 | K65: =ABS(C65-J65) -> 0.2548895 | L65: =1.2*D65 -> 11.508 | M65: =-2.2372+0.2795*L65+ 2.4762*E65+ 0.0303*F65+ 2.0105*G65+ 0.3644*H65- 0.6051*I65 -> 6.0941915 | N65: =-2.2372+0.2795*D65+ 2.4762*E65+ 0.0303*F65+ 2.0105*0.95+ 0.3644*H65- 0.6051*I65 -> 6.0486725 | O65: =C65-N65 -> -0.2356725
A66: Commonwealth of Independent States | B66: Moldova | C66: =5766/(1000) -> 5.766 | D66: =9454/(1000) -> 9.454 | E66: 0.857 | F66: =65699/(1000) -> 65.699 | G66: 0.822 | H66: -0.079 | I66: 0.918 | J66: =-2.2372+0.2795*D66+ 2.4762*E66+ 0.0303*F66+ 2.0105*G66+ 0.3644*H66- 0.6051*I66 -> 5.5863377 | K66: =ABS(C66-J66) -> 0.1796623 | L66: =1.2*D66 -> 11.3448 | M66: =-2.2372+0.2795*L66+ 2.4762*E66+ 0.0303*F66+ 2.0105*G66+ 0.3644*H66- 0.6051*I66 -> 6.1148163 | N66: =-2.2372+0.2795*D66+ 2.4762*E66+ 0.0303*F66+ 2.0105*0.95+ 0.3644*H66- 0.6051*I66 -> 5.8436817 | O66: =C66-N66 -> -0.0776817
A67: Latin America and Caribbean | B67: Ecuador | C67: =5764/(1000) -> 5.764 | D67: =9313/(1000) -> 9.313 | E67: 0.821 | F67: =68800/(1000) -> 68.8 | G67: 0.842 | H67: -0.124 | I67: 0.843 | J67: =-2.2372+0.2795*D67+ 2.4762*E67+ 0.0303*F67+ 2.0105*G67+ 0.3644*H67- 0.6051*I67 -> 5.6209398 | K67: =ABS(C67-J67) -> 0.1430602 | L67: =1.2*D67 -> 11.1756 | M67: =-2.2372+0.2795*L67+ 2.4762*E67+ 0.0303*F67+ 2.0105*G67+ 0.3644*H67- 0.6051*I67 -> 6.1415365 | N67: =-2.2372+0.2795*D67+ 2.4762*E67+ 0.0303*F67+ 2.0105*0.95+ 0.3644*H67- 0.6051*I67 -> 5.8380738 | O67: =C67-N67 -> -0.0740738
A68: Commonwealth of Independent States | B68: Kyrgyzstan | C68: =5744/(1000) -> 5.744 | D68: =8538/(1000) -> 8.538 | E68: 0.893 | F68: =64401/(1000) -> 64.401 | G68: 0.935 | H68: 0.119 | I68: 0.908 | J68: =-2.2372+0.2795*D68+ 2.4762*E68+ 0.0303*F68+ 2.0105*G68+ 0.3644*H68- 0.6051*I68 -> 5.6855182 | K68: =ABS(C68-J68) -> 0.0584818 | L68: =1.2*D68 -> 10.2456 | M68: =-2.2372+0.2795*L68+ 2.4762*E68+ 0.0303*F68+ 2.0105*G68+ 0.3644*H68- 0.6051*I68 -> 6.1627924 | N68: =-2.2372+0.2795*D68+ 2.4762*E68+ 0.0303*F68+ 2.0105*0.95+ 0.3644*H68- 0.6051*I68 -> 5.7156757 | O68: =C68-N68 -> 0.0283243
A69: Western Europe | B69: Greece | C69: =5723/(1000) -> 5.723 | D69: =10279/(1000) -> 10.279 | E69: 0.823 | F69: =72600/(1000) -> 72.6 | G69: 0.582 | H69: -0.288 | I69: 0.823 | J69: =-2.2372+0.2795*D69+ 2.4762*E69+ 0.0303*F69+ 2.0105*G69+ 0.3644*H69- 0.6051*I69 -> 5.4406396 | K69: =ABS(C69-J69) -> 0.2823604 | L69: =1.2*D69 -> 12.3348 | M69: =-2.2372+0.2795*L69+ 2.4762*E69+ 0.0303*F69+ 2.0105*G69+ 0.3644*H69- 0.6051*I69 -> 6.0152357 | N69: =-2.2372+0.2795*D69+ 2.4762*E69+ 0.0303*F69+ 2.0105*0.95+ 0.3644*H69- 0.6051*I69 -> 6.1805036 | O69: =C69-N69 -> -0.4575036
A70: Latin America and Caribbean | B70: Bolivia | C70: =5716/(1000) -> 5.716 | D70: =9046/(1000) -> 9.046 | E70: 0.81 | F70: =63901/(1000) -> 63.901 | G70: 0.875 | H70: -0.077 | I70: 0.839 | J70: =-2.2372+0.2795*D70+ 2.4762*E70+ 0.0303*F70+ 2.0105*G70+ 0.3644*H70- 0.6051*I70 -> 5.4565291 | K70: =ABS(C70-J70) -> 0.2594709 | L70: =1.2*D70 -> 10.8552 | M70: =-2.2372+0.2795*L70+ 2.4762*E70+ 0.0303*F70+ 2.0105*G70+ 0.3644*H70- 0.6051*I70 -> 5.9622005 | N70: =-2.2372+0.2795*D70+ 2.4762*E70+ 0.0303*F70+ 2.0105*0.95+ 0.3644*H70- 0.6051*I70 -> 5.6073166 | O70: =C70-N70 -> 0.1086834
A71: East Asia | B71: Mongolia | C71: =5677/(1000) -> 5.677 | D71: =9400/(1000) -> 9.4 | E71: 0.935 | F71: =62500/(1000) -> 62.5 | G71: 0.708 | H71: 0.116 | I71: 0.856 | J71: =-2.2372+0.2795*D71+ 2.4762*E71+ 0.0303*F71+ 2.0105*G71+ 0.3644*H71- 0.6051*I71 -> 5.5468358 | K71: =ABS(C71-J71) -> 0.1301642 | L71: =1.2*D71 -> 11.28 | M71: =-2.2372+0.2795*L71+ 2.4762*E71+ 0.0303*F71+ 2.0105*G71+ 0.3644*H71- 0.6051*I71 -> 6.0722958 | N71: =-2.2372+0.2795*D71+ 2.4762*E71+ 0.0303*F71+ 2.0105*0.95+ 0.3644*H71- 0.6051*I71 -> 6.0333768 | O71: =C71-N71 -> -0.3563768
A72: Latin America and Caribbean | B72: Paraguay | C72: =5653/(1000) -> 5.653 | D72: =9448/(1000) -> 9.448 | E72: 0.893 | F72: =65900/(1000) -> 65.9 | G72: 0.876 | H72: 0.028 | I72: 0.882 | J72: =-2.2372+0.2795*D72+ 2.4762*E72+ 0.0303*F72+ 2.0105*G72+ 0.3644*H72- 0.6051*I72 -> 5.8492356 | K72: =ABS(C72-J72) -> 0.1962356 | L72: =1.2*D72 -> 11.3376 | M72: =-2.2372+0.2795*L72+ 2.4762*E72+ 0.0303*F72+ 2.0105*G72+ 0.3644*H72- 0.6051*I72 -> 6.3773788 | N72: =-2.2372+0.2795*D72+ 2.4762*E72+ 0.0303*F72+ 2.0105*0.95+ 0.3644*H72- 0.6051*I72 -> 5.9980126 | O72: =C72-N72 -> -0.3450126
A73: Central and Eastern Europe | B73: Montenegro | C73: =5581/(1000) -> 5.581 | D73: =9940/(1000) -> 9.94 | E73: 0.858 | F73: =68699/(1000) -> 68.699 | G73: 0.708 | H73: -0.034 | I73: 0.812 | J73: =-2.2372+0.2795*D73+ 2.4762*E73+ 0.0303*F73+ 2.0105*G73+ 0.3644*H73- 0.6051*I73 -> 5.6668925 | K73: =ABS(C73-J73) -> 0.0858925 | L73: =1.2*D73 -> 11.928 | M73: =-2.2372+0.2795*L73+ 2.4762*E73+ 0.0303*F73+ 2.0105*G73+ 0.3644*H73- 0.6051*I73 -> 6.2225385 | N73: =-2.2372+0.2795*D73+ 2.4762*E73+ 0.0303*F73+ 2.0105*0.95+ 0.3644*H73- 0.6051*I73 -> 6.1534335 | O73: =C73-N73 -> -0.5724335
A74: Latin America and Caribbean | B74: Dominican Republic | C74: =5545/(1000) -> 5.545 | D74: =9802/(1000) -> 9.802 | E74: 0.853 | F74: =66102/(1000) -> 66.102 | G74: 0.86 | H74: -0.133 | I74: 0.714 | J74: =-2.2372+0.2795*D74+ 2.4762*E74+ 0.0303*F74+ 2.0105*G74+ 0.3644*H74- 0.6051*I74 -> 5.8660716 | K74: =ABS(C74-J74) -> 0.3210716 | L74: =1.2*D74 -> 11.7624 | M74: =-2.2372+0.2795*L74+ 2.4762*E74+ 0.0303*F74+ 2.0105*G74+ 0.3644*H74- 0.6051*I74 -> 6.4140034 | N74: =-2.2372+0.2795*D74+ 2.4762*E74+ 0.0303*F74+ 2.0105*0.95+ 0.3644*H74- 0.6051*I74 -> 6.0470166 | O74: =C74-N74 -> -0.5020166
A75: Western Europe | B75: North Cyprus | C75: =5536/(1000) -> 5.536 | D75: =10576/(1000) -> 10.576 | E75: 0.82 | F75: =73898/(1000) -> 73.898 | G75: 0.795 | H75: 0.012 | I75: 0.626 | J75: =-2.2372+0.2795*D75+ 2.4762*E75+ 0.0303*F75+ 2.0105*G75+ 0.3644*H75- 0.6051*I75 -> 6.2123131 | K75: =ABS(C75-J75) -> 0.6763131 | L75: =1.2*D75 -> 12.6912 | M75: =-2.2372+0.2795*L75+ 2.4762*E75+ 0.0303*F75+ 2.0105*G75+ 0.3644*H75- 0.6051*I75 -> 6.8035115 | N75: =-2.2372+0.2795*D75+ 2.4762*E75+ 0.0303*F75+ 2.0105*0.95+ 0.3644*H75- 0.6051*I75 -> 6.5239406 | O75: =C75-N75 -> -0.9879406
A76: Commonwealth of Independent States | B76: Belarus | C76: =5534/(1000) -> 5.534 | D76: =9853/(1000) -> 9.853 | E76: 0.91 | F76: =66253/(1000) -> 66.253 | G76: 0.65 | H76: -0.18 | I76: 0.627 | J76: =-2.2372+0.2795*D76+ 2.4762*E76+ 0.0303*F76+ 2.0105*G76+ 0.3644*H76- 0.6051*I76 -> 5.6393567 | K76: =ABS(C76-J76) -> 0.1053567 | L76: =1.2*D76 -> 11.8236 | M76: =-2.2372+0.2795*L76+ 2.4762*E76+ 0.0303*F76+ 2.0105*G76+ 0.3644*H76- 0.6051*I76 -> 6.1901394 | N76: =-2.2372+0.2795*D76+ 2.4762*E76+ 0.0303*F76+ 2.0105*0.95+ 0.3644*H76- 0.6051*I76 -> 6.2425067 | O76: =C76-N76 -> -0.7085067
A77: Commonwealth of Independent States | B77: Russia | C77: =5477/(1000) -> 5.477 | D77: =10189/(1000) -> 10.189 | E77: 0.903 | F77: =64703/(1000) -> 64.703 | G77: 0.718 | H77: -0.111 | I77: 0.845 | J77: =-2.2372+0.2795*D77+ 2.4762*E77+ 0.0303*F77+ 2.0105*G77+ 0.3644*H77- 0.6051*I77 -> 5.6989161 | K77: =ABS(C77-J77) -> 0.2219161 | L77: =1.2*D77 -> 12.2268 | M77: =-2.2372+0.2795*L77+ 2.4762*E77+ 0.0303*F77+ 2.0105*G77+ 0.3644*H77- 0.6051*I77 -> 6.2684812 | N77: =-2.2372+0.2795*D77+ 2.4762*E77+ 0.0303*F77+ 2.0105*0.95+ 0.3644*H77- 0.6051*I77 -> 6.1653521 | O77: =C77-N77 -> -0.6883521
A78: East Asia | B78: Hong Kong S.A.R. of China | C78: =5477/(1000) -> 5.477 | D78: =11000/(1000) -> 11 | E78: 0.836 | F78: =76820/(1000) -> 76.82 | G78: 0.717 | H78: 0.067 | I78: 0.403 | J78: =-2.2372+0.2795*D78+ 2.4762*E78+ 0.0303*F78+ 2.0105*G78+ 0.3644*H78- 0.6051*I78 -> 6.4571372 | K78: =ABS(C78-J78) -> 0.9801372 | L78: =1.2*D78 -> 13.2 | M78: =-2.2372+0.2795*L78+ 2.4762*E78+ 0.0303*F78+ 2.0105*G78+ 0.3644*H78- 0.6051*I78 -> 7.0720372 | N78: =-2.2372+0.2795*D78+ 2.4762*E78+ 0.0303*F78+ 2.0105*0.95+ 0.3644*H78- 0.6051*I78 -> 6.9255837 | O78: =C78-N78 -> -1.4485837
A79: Commonwealth of Independent States | B79: Tajikistan | C79: =5466/(1000) -> 5.466 | D79: =8091/(1000) -> 8.091 | E79: 0.86 | F79: =64281/(1000) -> 64.281 | G79: 0.832 | H79: -0.056 | I79: 0.553 | J79: =-2.2372+0.2795*D79+ 2.4762*E79+ 0.0303*F79+ 2.0105*G79+ 0.3644*H79- 0.6051*I79 -> 5.4191901 | K79: =ABS(C79-J79) -> 0.0468099 | L79: =1.2*D79 -> 9.7092 | M79: =-2.2372+0.2795*L79+ 2.4762*E79+ 0.0303*F79+ 2.0105*G79+ 0.3644*H79- 0.6051*I79 -> 5.871477 | N79: =-2.2372+0.2795*D79+ 2.4762*E79+ 0.0303*F79+ 2.0105*0.95+ 0.3644*H79- 0.6051*I79 -> 5.6564291 | O79: =C79-N79 -> -0.1904291
A80: Southeast Asia | B80: Vietnam | C80: =5411/(1000) -> 5.411 | D80: =8973/(1000) -> 8.973 | E80: 0.85 | F80: =68034/(1000) -> 68.034 | G80: 0.94 | H80: -0.098 | I80: 0.796 | J80: =-2.2372+0.2795*D80+ 2.4762*E80+ 0.0303*F80+ 2.0105*G80+ 0.3644*H80- 0.6051*I80 -> 5.8094529 | K80: =ABS(C80-J80) -> 0.3984529 | L80: =1.2*D80 -> 10.7676 | M80: =-2.2372+0.2795*L80+ 2.4762*E80+ 0.0303*F80+ 2.0105*G80+ 0.3644*H80- 0.6051*I80 -> 6.3110436 | N80: =-2.2372+0.2795*D80+ 2.4762*E80+ 0.0303*F80+ 2.0105*0.95+ 0.3644*H80- 0.6051*I80 -> 5.8295579 | O80: =C80-N80 -> -0.4185579
A81: Middle East and North Africa | B81: Libya | C81: =5410/(1000) -> 5.41 | D81: =9622/(1000) -> 9.622 | E81: 0.827 | F81: =62300/(1000) -> 62.3 | G81: 0.771 | H81: -0.087 | I81: 0.667 | J81: =-2.2372+0.2795*D81+ 2.4762*E81+ 0.0303*F81+ 2.0105*G81+ 0.3644*H81- 0.6051*I81 -> 5.5024474 | K81: =ABS(C81-J81) -> 0.0924474 | L81: =1.2*D81 -> 11.5464 | M81: =-2.2372+0.2795*L81+ 2.4762*E81+ 0.0303*F81+ 2.0105*G81+ 0.3644*H81- 0.6051*I81 -> 6.0403172 | N81: =-2.2372+0.2795*D81+ 2.4762*E81+ 0.0303*F81+ 2.0105*0.95+ 0.3644*H81- 0.6051*I81 -> 5.8623269 | O81: =C81-N81 -> -0.4523269
A82: Southeast Asia | B82: Malaysia | C82: =5384/(1000) -> 5.384 | D82: =10238/(1000) -> 10.238 | E82: 0.817 | F82: =67102/(1000) -> 67.102 | G82: 0.895 | H82: 0.125 | I82: 0.839 | J82: =-2.2372+0.2795*D82+ 2.4762*E82+ 0.0303*F82+ 2.0105*G82+ 0.3644*H82- 0.6051*I82 -> 6.0178356 | K82: =ABS(C82-J82) -> 0.6338356 | L82: =1.2*D82 -> 12.2856 | M82: =-2.2372+0.2795*L82+ 2.4762*E82+ 0.0303*F82+ 2.0105*G82+ 0.3644*H82- 0.6051*I82 -> 6.5901398 | N82: =-2.2372+0.2795*D82+ 2.4762*E82+ 0.0303*F82+ 2.0105*0.95+ 0.3644*H82- 0.6051*I82 -> 6.1284131 | O82: =C82-N82 -> -0.7444131
A83: Southeast Asia | B83: Indonesia | C83: =5345/(1000) -> 5.345 | D83: =9365/(1000) -> 9.365 | E83: 0.811 | F83: =62236/(1000) -> 62.236 | G83: 0.873 | H83: 0.542 | I83: 0.867 | J83: =-2.2372+0.2795*D83+ 2.4762*E83+ 0.0303*F83+ 2.0105*G83+ 0.3644*H83- 0.6051*I83 -> 5.7023161 | K83: =ABS(C83-J83) -> 0.3573161 | L83: =1.2*D83 -> 11.238 | M83: =-2.2372+0.2795*L83+ 2.4762*E83+ 0.0303*F83+ 2.0105*G83+ 0.3644*H83- 0.6051*I83 -> 6.2258196 | N83: =-2.2372+0.2795*D83+ 2.4762*E83+ 0.0303*F83+ 2.0105*0.95+ 0.3644*H83- 0.6051*I83 -> 5.8571246 | O83: =C83-N83 -> -0.5121246
A84: Sub-Saharan Africa | B84: Congo (Brazzaville) | C84: =5342/(1000) -> 5.342 | D84: =8117/(1000) -> 8.117 | E84: 0.636 | F84: =58221/(1000) -> 58.221 | G84: 0.695 | H84: -0.068 | I84: 0.745 | J84: =-2.2372+0.2795*D84+ 2.4762*E84+ 0.0303*F84+ 2.0105*G84+ 0.3644*H84- 0.6051*I84 -> 4.2921798 | K84: =ABS(C84-J84) -> 1.0498202 | L84: =1.2*D84 -> 9.7404 | M84: =-2.2372+0.2795*L84+ 2.4762*E84+ 0.0303*F84+ 2.0105*G84+ 0.3644*H84- 0.6051*I84 -> 4.7459201 | N84: =-2.2372+0.2795*D84+ 2.4762*E84+ 0.0303*F84+ 2.0105*0.95+ 0.3644*H84- 0.6051*I84 -> 4.8048573 | O84: =C84-N84 -> 0.5371427
A85: East Asia | B85: China | C85: =5339/(1000) -> 5.339 | D85: =9673/(1000) -> 9.673 | E85: 0.811 | F85: =69593/(1000) -> 69.593 | G85: 0.904 | H85: -0.146 | I85: 0.755 | J85: =-2.2372+0.2795*D85+ 2.4762*E85+ 0.0303*F85+ 2.0105*G85+ 0.3644*H85- 0.6051*I85 -> 5.8907087 | K85: =ABS(C85-J85) -> 0.5517087 | L85: =1.2*D85 -> 11.6076 | M85: =-2.2372+0.2795*L85+ 2.4762*E85+ 0.0303*F85+ 2.0105*G85+ 0.3644*H85- 0.6051*I85 -> 6.4314294 | N85: =-2.2372+0.2795*D85+ 2.4762*E85+ 0.0303*F85+ 2.0105*0.95+ 0.3644*H85- 0.6051*I85 -> 5.9831917 | O85: =C85-N85 -> -0.6441917
A86: Sub-Saharan Africa | B86: Ivory Coast | C86: =5306/(1000) -> 5.306 | D86: =8551/(1000) -> 8.551 | E86: 0.644 | F86: =50114/(1000) -> 50.114 | G86: 0.741 | H86: -0.016 | I86: 0.794 | J86: =-2.2372+0.2795*D86+ 2.4762*E86+ 0.0303*F86+ 2.0105*G86+ 0.3644*H86- 0.6051*I86 -> 4.2694322 | K86: =ABS(C86-J86) -> 1.0365678 | L86: =1.2*D86 -> 10.2612 | M86: =-2.2372+0.2795*L86+ 2.4762*E86+ 0.0303*F86+ 2.0105*G86+ 0.3644*H86- 0.6051*I86 -> 4.7474331 | N86: =-2.2372+0.2795*D86+ 2.4762*E86+ 0.0303*F86+ 2.0105*0.95+ 0.3644*H86- 0.6051*I86 -> 4.6896267 | O86: =C86-N86 -> 0.6163733
A87: Commonwealth of Independent States | B87: Armenia | C87: =5283/(1000) -> 5.283 | D87: =9487/(1000) -> 9.487 | E87: 0.799 | F87: =67055/(1000) -> 67.055 | G87: 0.825 | H87: -0.168 | I87: 0.629 | J87: =-2.2372+0.2795*D87+ 2.4762*E87+ 0.0303*F87+ 2.0105*G87+ 0.3644*H87- 0.6051*I87 -> 5.6415022 | K87: =ABS(C87-J87) -> 0.3585022 | L87: =1.2*D87 -> 11.3844 | M87: =-2.2372+0.2795*L87+ 2.4762*E87+ 0.0303*F87+ 2.0105*G87+ 0.3644*H87- 0.6051*I87 -> 6.1718255 | N87: =-2.2372+0.2795*D87+ 2.4762*E87+ 0.0303*F87+ 2.0105*0.95+ 0.3644*H87- 0.6051*I87 -> 5.8928147 | O87: =C87-N87 -> -0.6098147
A88: South Asia | B88: Nepal | C88: =5269/(1000) -> 5.269 | D88: =8120/(1000) -> 8.12 | E88: 0.774 | F88: =64233/(1000) -> 64.233 | G88: 0.782 | H88: 0.152 | I88: 0.727 | J88: =-2.2372+0.2795*D88+ 2.4762*E88+ 0.0303*F88+ 2.0105*G88+ 0.3644*H88- 0.6051*I88 -> 5.0828708 | K88: =ABS(C88-J88) -> 0.1861292 | L88: =1.2*D88 -> 9.744 | M88: =-2.2372+0.2795*L88+ 2.4762*E88+ 0.0303*F88+ 2.0105*G88+ 0.3644*H88- 0.6051*I88 -> 5.5367788 | N88: =-2.2372+0.2795*D88+ 2.4762*E88+ 0.0303*F88+ 2.0105*0.95+ 0.3644*H88- 0.6051*I88 -> 5.4206348 | O88: =C88-N88 -> -0.1516348
A89: Central and Eastern Europe | B89: Bulgaria | C89: =5266/(1000) -> 5.266 | D89: =10016/(1000) -> 10.016 | E89: 0.931 | F89: =67000/(1000) -> 67 | G89: 0.788 | H89: -0.096 | I89: 0.932 | J89: =-2.2372+0.2795*D89+ 2.4762*E89+ 0.0303*F89+ 2.0105*G89+ 0.3644*H89- 0.6051*I89 -> 5.8830526 | K89: =ABS(C89-J89) -> 0.6170526 | L89: =1.2*D89 -> 12.0192 | M89: =-2.2372+0.2795*L89+ 2.4762*E89+ 0.0303*F89+ 2.0105*G89+ 0.3644*H89- 0.6051*I89 -> 6.442947 | N89: =-2.2372+0.2795*D89+ 2.4762*E89+ 0.0303*F89+ 2.0105*0.95+ 0.3644*H89- 0.6051*I89 -> 6.2087536 | O89: =C89-N89 -> -0.9427536
A90: South Asia | B90: Maldives | C90: =5198/(1000) -> 5.198 | D90: =9826/(1000) -> 9.826 | E90: 0.913 | F90: =70600/(1000) -> 70.6 | G90: 0.854 | H90: 0.024 | I90: 0.825 | J90: =-2.2372+0.2795*D90+ 2.4762*E90+ 0.0303*F90+ 2.0105*G90+ 0.3644*H90- 0.6051*I90 -> 6.1356227 | K90: =ABS(C90-J90) -> 0.9376227 | L90: =1.2*D90 -> 11.7912 | M90: =-2.2372+0.2795*L90+ 2.4762*E90+ 0.0303*F90+ 2.0105*G90+ 0.3644*H90- 0.6051*I90 -> 6.6848961 | N90: =-2.2372+0.2795*D90+ 2.4762*E90+ 0.0303*F90+ 2.0105*0.95+ 0.3644*H90- 0.6051*I90 -> 6.3286307 | O90: =C90-N90 -> -1.1306307
A91: Commonwealth of Independent States | B91: Azerbaijan | C91: =5171/(1000) -> 5.171 | D91: =9569/(1000) -> 9.569 | E91: 0.836 | F91: =65656/(1000) -> 65.656 | G91: 0.814 | H91: -0.223 | I91: 0.506 | J91: =-2.2372+0.2795*D91+ 2.4762*E91+ 0.0303*F91+ 2.0105*G91+ 0.3644*H91- 0.6051*I91 -> 5.7459207 | K91: =ABS(C91-J91) -> 0.5749207 | L91: =1.2*D91 -> 11.4828 | M91: =-2.2372+0.2795*L91+ 2.4762*E91+ 0.0303*F91+ 2.0105*G91+ 0.3644*H91- 0.6051*I91 -> 6.2808278 | N91: =-2.2372+0.2795*D91+ 2.4762*E91+ 0.0303*F91+ 2.0105*0.95+ 0.3644*H91- 0.6051*I91 -> 6.0193487 | O91: =C91-N91 -> -0.8483487
A92: Sub-Saharan Africa | B92: Cameroon | C92: =5142/(1000) -> 5.142 | D92: =8189/(1000) -> 8.189 | E92: 0.71 | F92: =53515/(1000) -> 53.515 | G92: 0.731 | H92: 0.026 | I92: 0.848 | J92: =-2.2372+0.2795*D92+ 2.4762*E92+ 0.0303*F92+ 2.0105*G92+ 0.3644*H92- 0.6051*I92 -> 4.3972571 | K92: =ABS(C92-J92) -> 0.7447429 | L92: =1.2*D92 -> 9.8268 | M92: =-2.2372+0.2795*L92+ 2.4762*E92+ 0.0303*F92+ 2.0105*G92+ 0.3644*H92- 0.6051*I92 -> 4.8550222 | N92: =-2.2372+0.2795*D92+ 2.4762*E92+ 0.0303*F92+ 2.0105*0.95+ 0.3644*H92- 0.6051*I92 -> 4.8375566 | O92: =C92-N92 -> 0.3044434
A93: Sub-Saharan Africa | B93: Senegal | C93: =5132/(1000) -> 5.132 | D93: =8118/(1000) -> 8.118 | E93: 0.71 | F93: =59802/(1000) -> 59.802 | G93: 0.695 | H93: -0.046 | I93: 0.801 | J93: =-2.2372+0.2795*D93+ 2.4762*E93+ 0.0303*F93+ 2.0105*G93+ 0.3644*H93- 0.6051*I93 -> 4.4977336 | K93: =ABS(C93-J93) -> 0.6342664 | L93: =1.2*D93 -> 9.7416 | M93: =-2.2372+0.2795*L93+ 2.4762*E93+ 0.0303*F93+ 2.0105*G93+ 0.3644*H93- 0.6051*I93 -> 4.9515298 | N93: =-2.2372+0.2795*D93+ 2.4762*E93+ 0.0303*F93+ 2.0105*0.95+ 0.3644*H93- 0.6051*I93 -> 5.0104111 | O93: =C93-N93 -> 0.1215889
A94: Central and Eastern Europe | B94: Albania | C94: =5117/(1000) -> 5.117 | D94: =9520/(1000) -> 9.52 | E94: 0.697 | F94: =68999/(1000) -> 68.999 | G94: 0.785 | H94: -0.03 | I94: 0.901 | J94: =-2.2372+0.2795*D94+ 2.4762*E94+ 0.0303*F94+ 2.0105*G94+ 0.3644*H94- 0.6051*I94 -> 5.2623365 | K94: =ABS(C94-J94) -> 0.1453365 | L94: =1.2*D94 -> 11.424 | M94: =-2.2372+0.2795*L94+ 2.4762*E94+ 0.0303*F94+ 2.0105*G94+ 0.3644*H94- 0.6051*I94 -> 5.7945045 | N94: =-2.2372+0.2795*D94+ 2.4762*E94+ 0.0303*F94+ 2.0105*0.95+ 0.3644*H94- 0.6051*I94 -> 5.594069 | O94: =C94-N94 -> -0.477069
A95: Central and Eastern Europe | B95: North Macedonia | C95: =5101/(1000) -> 5.101 | D95: =9693/(1000) -> 9.693 | E95: 0.805 | F95: =65474/(1000) -> 65.474 | G95: 0.751 | H95: 0.038 | I95: 0.905 | J95: =-2.2372+0.2795*D95+ 2.4762*E95+ 0.0303*F95+ 2.0105*G95+ 0.3644*H95- 0.6051*I95 -> 5.4253139 | K95: =ABS(C95-J95) -> 0.3243139 | L95: =1.2*D95 -> 11.6316 | M95: =-2.2372+0.2795*L95+ 2.4762*E95+ 0.0303*F95+ 2.0105*G95+ 0.3644*H95- 0.6051*I95 -> 5.9671526 | N95: =-2.2372+0.2795*D95+ 2.4762*E95+ 0.0303*F95+ 2.0105*0.95+ 0.3644*H95- 0.6051*I95 -> 5.8254034 | O95: =C95-N95 -> -0.7244034
A96: Sub-Saharan Africa | B96: Ghana | C96: =5088/(1000) -> 5.088 | D96: =8580/(1000) -> 8.58 | E96: 0.727 | F96: =57586/(1000) -> 57.586 | G96: 0.807 | H96: 0.123 | I96: 0.848 | J96: =-2.2372+0.2795*D96+ 2.4762*E96+ 0.0303*F96+ 2.0105*G96+ 0.3644*H96- 0.6051*I96 -> 4.8601331 | K96: =ABS(C96-J96) -> 0.2278669 | L96: =1.2*D96 -> 10.296 | M96: =-2.2372+0.2795*L96+ 2.4762*E96+ 0.0303*F96+ 2.0105*G96+ 0.3644*H96- 0.6051*I96 -> 5.3397551 | N96: =-2.2372+0.2795*D96+ 2.4762*E96+ 0.0303*F96+ 2.0105*0.95+ 0.3644*H96- 0.6051*I96 -> 5.1476346 | O96: =C96-N96 -> -0.0596346
A97: Sub-Saharan Africa | B97: Niger | C97: =5074/(1000) -> 5.074 | D97: =7098/(1000) -> 7.098 | E97: 0.641 | F97: =53780/(1000) -> 53.78 | G97: 0.806 | H97: 0.018 | I97: 0.693 | J97: =-2.2372+0.2795*D97+ 2.4762*E97+ 0.0303*F97+ 2.0105*G97+ 0.3644*H97- 0.6051*I97 -> 4.1711571 | K97: =ABS(C97-J97) -> 0.9028429 | L97: =1.2*D97 -> 8.5176 | M97: =-2.2372+0.2795*L97+ 2.4762*E97+ 0.0303*F97+ 2.0105*G97+ 0.3644*H97- 0.6051*I97 -> 4.5679353 | N97: =-2.2372+0.2795*D97+ 2.4762*E97+ 0.0303*F97+ 2.0105*0.95+ 0.3644*H97- 0.6051*I97 -> 4.4606691 | O97: =C97-N97 -> 0.6133309
A98: Commonwealth of Independent States | B98: Turkmenistan | C98: =5066/(1000) -> 5.066 | D98: =9629/(1000) -> 9.629 | E98: 0.983 | F98: =62409/(1000) -> 62.409 | G98: 0.877 | H98: 0.273 | I98: 0.888 | J98: =-2.2372+0.2795*D98+ 2.4762*E98+ 0.0303*F98+ 2.0105*G98+ 0.3644*H98- 0.6051*I98 -> 6.1045637 | K98: =ABS(C98-J98) -> 1.0385637 | L98: =1.2*D98 -> 11.5548 | M98: =-2.2372+0.2795*L98+ 2.4762*E98+ 0.0303*F98+ 2.0105*G98+ 0.3644*H98- 0.6051*I98 -> 6.6428248 | N98: =-2.2372+0.2795*D98+ 2.4762*E98+ 0.0303*F98+ 2.0105*0.95+ 0.3644*H98- 0.6051*I98 -> 6.2513302 | O98: =C98-N98 -> -1.1853302
A99: Sub-Saharan Africa | B99: Gambia | C99: =5051/(1000) -> 5.051 | D99: =7686/(1000) -> 7.686 | E99: 0.69 | F99: =55160/(1000) -> 55.16 | G99: 0.697 | H99: 0.424 | I99: 0.746 | J99: =-2.2372+0.2795*D99+ 2.4762*E99+ 0.0303*F99+ 2.0105*G99+ 0.3644*H99- 0.6051*I99 -> 4.3953825 | K99: =ABS(C99-J99) -> 0.6556175 | L99: =1.2*D99 -> 9.2232 | M99: =-2.2372+0.2795*L99+ 2.4762*E99+ 0.0303*F99+ 2.0105*G99+ 0.3644*H99- 0.6051*I99 -> 4.8250299 | N99: =-2.2372+0.2795*D99+ 2.4762*E99+ 0.0303*F99+ 2.0105*0.95+ 0.3644*H99- 0.6051*I99 -> 4.904039 | O99: =C99-N99 -> 0.146961
A100: Sub-Saharan Africa | B100: Benin | C100: =5045/(1000) -> 5.045 | D100: =8087/(1000) -> 8.087 | E100: 0.489 | F100: =54713/(1000) -> 54.713 | G100: 0.757 | H100: -0.034 | I100: 0.661 | J100: =-2.2372+0.2795*D100+ 2.4762*E100+ 0.0303*F100+ 2.0105*G100+ 0.3644*H100- 0.6051*I100 -> 4.00137 | K100: =ABS(C100-J100) -> 1.04363 | L100: =1.2*D100 -> 9.7044 | M100: =-2.2372+0.2795*L100+ 2.4762*E100+ 0.0303*F100+ 2.0105*G100+ 0.3644*H100- 0.6051*I100 -> 4.4534333 | N100: =-2.2372+0.2795*D100+ 2.4762*E100+ 0.0303*F100+ 2.0105*0.95+ 0.3644*H100- 0.6051*I100 -> 4.3893965 | O100: =C100-N100 -> 0.6556035
...

Sheet Sheet6
A1: 🔹 5. Prikazi in grafi
A2: ✅ Cilj: Uporabi vizualizacijo kot profesionalec
A3: 1. Heatmap za percepcijo korupcije po regijah | D3: min | E3: =MIN(C12:C162) -> 0.082
A4: 2. Bar chart: primerjava 5 najboljših in najslabših držav po vseh kategorijah | D4: max | E4: =MAX(C12:C162) -> 0.939
A5: 3. Radar/spider chart za profile držav (npr. Švica vs. slovenija)
A6: 🔧 Orodja: | D6: Custom legend
A7: Conditional formatting, Radar charts, Combo charts | D7: High corruption | E7: 0,082-0,500
A8: Uporabi Dynamic named ranges za grafične prikaze | D8: Medium corruption | E8: 0,501-0,700
B9: 1. Heatmap za percepcijo korupcije po regijah | D9: Low corruption | E9: 0,701-0,939
A11: Regional indicator | B11: Country name | C11: Perceptions of corruption
A12: Central and Eastern Europe | B12: Czech Republic | C12: 0.868 | D12: {=_xlfn.IFS(C12<=0.5,"High corruption",C12<=0.7,"Medium corruption",C12<=0.939,"Low corruption")} -> Low corruption
A13: Central and Eastern Europe | B13: Slovenia | C13: 0.806 | D13: {=_xlfn.IFS(C13<=0.5,"High corruption",C13<=0.7,"Medium corruption",C13<=0.939,"Low corruption")} -> Low corruption
A14: Central and Eastern Europe | B14: Kosovo | C14: 0.917 | D14: {=_xlfn.IFS(C14<=0.5,"High corruption",C14<=0.7,"Medium corruption",C14<=0.939,"Low corruption")} -> Low corruption
A15: Central and Eastern Europe | B15: Slovakia | C15: 0.911 | D15: {=_xlfn.IFS(C15<=0.5,"High corruption",C15<=0.7,"Medium corruption",C15<=0.939,"Low corruption")} -> Low corruption
A16: Central and Eastern Europe | B16: Lithuania | C16: 0.826 | D16: {=_xlfn.IFS(C16<=0.5,"High corruption",C16<=0.7,"Medium corruption",C16<=0.939,"Low corruption")} -> Low corruption
A17: Central and Eastern Europe | B17: Estonia | C17: 0.527 | D17: {=_xlfn.IFS(C17<=0.5,"High corruption",C17<=0.7,"Medium corruption",C17<=0.939,"Low corruption")} -> Medium corruption
A18: Central and Eastern Europe | B18: Poland | C18: 0.735 | D18: {=_xlfn.IFS(C18<=0.5,"High corruption",C18<=0.7,"Medium corruption",C18<=0.939,"Low corruption")} -> Low corruption
A19: Central and Eastern Europe | B19: Romania | C19: 0.938 | D19: {=_xlfn.IFS(C19<=0.5,"High corruption",C19<=0.7,"Medium corruption",C19<=0.939,"Low corruption")} -> Low corruption | E19: 3. Radar/spider chart za profile držav (npr. Švica vs. Slovenia)
A20: Central and Eastern Europe | B20: Serbia | C20: 0.835 | D20: {=_xlfn.IFS(C20<=0.5,"High corruption",C20<=0.7,"Medium corruption",C20<=0.939,"Low corruption")} -> Low corruption | E20: Country name | F20: Regional indicator | G20: Ladder score | H20: Standard error of ladder score | I20: upperwhisker | J20: lowerwhisker | K20: Logged GDP per capita | L20: Social support | M20: Healthy life expectancy | N20: Freedom to make life choices | O20: Generosity | P20: Perceptions of corruption
A21: Central and Eastern Europe | B21: Latvia | C21: 0.8 | D21: {=_xlfn.IFS(C21<=0.5,"High corruption",C21<=0.7,"Medium corruption",C21<=0.939,"Low corruption")} -> Low corruption | E21: Slovenia | F21: Central and Eastern Europe | G21: 6461 | H21: 0.043 | I21: 6546 | J21: 6376 | K21: 10529 | L21: 0.948 | M21: 71400 | N21: 0.949 | O21: -0.101 | P21: 0.806
A22: Central and Eastern Europe | B22: Hungary | C22: 0.876 | D22: {=_xlfn.IFS(C22<=0.5,"High corruption",C22<=0.7,"Medium corruption",C22<=0.939,"Low corruption")} -> Low corruption | E22: United States | F22: North America and ANZ | G22: 6951 | H22: 0.049 | I22: 7047 | J22: 6856 | K22: 11023 | L22: 0.92 | M22: 68200 | N22: 0.837 | O22: 0.098 | P22: 0.698
A23: Central and Eastern Europe | B23: Croatia | C23: 0.939 | D23: {=_xlfn.IFS(C23<=0.5,"High corruption",C23<=0.7,"Medium corruption",C23<=0.939,"Low corruption")} -> Low corruption
A24: Central and Eastern Europe | B24: Bosnia and Herzegovina | C24: 0.931 | D24: {=_xlfn.IFS(C24<=0.5,"High corruption",C24<=0.7,"Medium corruption",C24<=0.939,"Low corruption")} -> Low corruption | F24: Paste special->transposone
A25: Central and Eastern Europe | B25: Montenegro | C25: 0.812 | D25: {=_xlfn.IFS(C25<=0.5,"High corruption",C25<=0.7,"Medium corruption",C25<=0.939,"Low corruption")} -> Low corruption | H25: Slovenia | I25: United States
A26: Central and Eastern Europe | B26: Bulgaria | C26: 0.932 | D26: {=_xlfn.IFS(C26<=0.5,"High corruption",C26<=0.7,"Medium corruption",C26<=0.939,"Low corruption")} -> Low corruption | G26: Ladder score | H26: 6461 | I26: 6951
A27: Central and Eastern Europe | B27: Albania | C27: 0.901 | D27: {=_xlfn.IFS(C27<=0.5,"High corruption",C27<=0.7,"Medium corruption",C27<=0.939,"Low corruption")} -> Low corruption | G27: Standard error of ladder score | H27: 0.043 | I27: 0.049
A28: Central and Eastern Europe | B28: North Macedonia | C28: 0.905 | D28: {=_xlfn.IFS(C28<=0.5,"High corruption",C28<=0.7,"Medium corruption",C28<=0.939,"Low corruption")} -> Low corruption | G28: upperwhisker | H28: 6546 | I28: 7047
A29: Commonwealth of Independent States | B29: Uzbekistan | C29: 0.515 | D29: {=_xlfn.IFS(C29<=0.5,"High corruption",C29<=0.7,"Medium corruption",C29<=0.939,"Low corruption")} -> Medium corruption | G29: lowerwhisker | H29: 6376 | I29: 6856
A30: Commonwealth of Independent States | B30: Kazakhstan | C30: 0.733 | D30: {=_xlfn.IFS(C30<=0.5,"High corruption",C30<=0.7,"Medium corruption",C30<=0.939,"Low corruption")} -> Low corruption | G30: Logged GDP per capita | H30: 10529 | I30: 11023
A31: Commonwealth of Independent States | B31: Moldova | C31: 0.918 | D31: {=_xlfn.IFS(C31<=0.5,"High corruption",C31<=0.7,"Medium corruption",C31<=0.939,"Low corruption")} -> Low corruption | G31: Social support | H31: 0.948 | I31: 0.92
A32: Commonwealth of Independent States | B32: Kyrgyzstan | C32: 0.908 | D32: {=_xlfn.IFS(C32<=0.5,"High corruption",C32<=0.7,"Medium corruption",C32<=0.939,"Low corruption")} -> Low corruption | G32: Healthy life expectancy | H32: 71400 | I32: 68200
A33: Commonwealth of Independent States | B33: Belarus | C33: 0.627 | D33: {=_xlfn.IFS(C33<=0.5,"High corruption",C33<=0.7,"Medium corruption",C33<=0.939,"Low corruption")} -> Medium corruption | G33: Freedom to make life choices | H33: 0.949 | I33: 0.837
A34: Commonwealth of Independent States | B34: Russia | C34: 0.845 | D34: {=_xlfn.IFS(C34<=0.5,"High corruption",C34<=0.7,"Medium corruption",C34<=0.939,"Low corruption")} -> Low corruption | G34: Generosity | H34: -0.101 | I34: 0.098
A35: Commonwealth of Independent States | B35: Tajikistan | C35: 0.553 | D35: {=_xlfn.IFS(C35<=0.5,"High corruption",C35<=0.7,"Medium corruption",C35<=0.939,"Low corruption")} -> Medium corruption | G35: Perceptions of corruption | H35: 0.806 | I35: 0.698
A36: Commonwealth of Independent States | B36: Armenia | C36: 0.629 | D36: {=_xlfn.IFS(C36<=0.5,"High corruption",C36<=0.7,"Medium corruption",C36<=0.939,"Low corruption")} -> Medium corruption
A37: Commonwealth of Independent States | B37: Azerbaijan | C37: 0.506 | D37: {=_xlfn.IFS(C37<=0.5,"High corruption",C37<=0.7,"Medium corruption",C37<=0.939,"Low corruption")} -> Medium corruption
A38: Commonwealth of Independent States | B38: Turkmenistan | C38: 0.888 | D38: {=_xlfn.IFS(C38<=0.5,"High corruption",C38<=0.7,"Medium corruption",C38<=0.939,"Low corruption")} -> Low corruption
A39: Commonwealth of Independent States | B39: Georgia | C39: 0.655 | D39: {=_xlfn.IFS(C39<=0.5,"High corruption",C39<=0.7,"Medium corruption",C39<=0.939,"Low corruption")} -> Medium corruption
A40: Commonwealth of Independent States | B40: Ukraine | C40: 0.924 | D40: {=_xlfn.IFS(C40<=0.5,"High corruption",C40<=0.7,"Medium corruption",C40<=0.939,"Low corruption")} -> Low corruption
A41: East Asia | B41: Taiwan Province of China | C41: 0.721 | D41: {=_xlfn.IFS(C41<=0.5,"High corruption",C41<=0.7,"Medium corruption",C41<=0.939,"Low corruption")} -> Low corruption
A42: East Asia | B42: Japan | C42: 0.638 | D42: {=_xlfn.IFS(C42<=0.5,"High corruption",C42<=0.7,"Medium corruption",C42<=0.939,"Low corruption")} -> Medium corruption
A43: East Asia | B43: South Korea | C43: 0.727 | D43: {=_xlfn.IFS(C43<=0.5,"High corruption",C43<=0.7,"Medium corruption",C43<=0.939,"Low corruption")} -> Low corruption
A44: East Asia | B44: Mongolia | C44: 0.856 | D44: {=_xlfn.IFS(C44<=0.5,"High corruption",C44<=0.7,"Medium corruption",C44<=0.939,"Low corruption")} -> Low corruption
A45: East Asia | B45: Hong Kong S.A.R. of China | C45: 0.403 | D45: {=_xlfn.IFS(C45<=0.5,"High corruption",C45<=0.7,"Medium corruption",C45<=0.939,"Low corruption")} -> High corruption
A46: East Asia | B46: China | C46: 0.755 | D46: {=_xlfn.IFS(C46<=0.5,"High corruption",C46<=0.7,"Medium corruption",C46<=0.939,"Low corruption")} -> Low corruption
A47: Latin America and Caribbean | B47: Costa Rica | C47: 0.809 | D47: {=_xlfn.IFS(C47<=0.5,"High corruption",C47<=0.7,"Medium corruption",C47<=0.939,"Low corruption")} -> Low corruption
... A157: Western Europe | B157: Cyprus | C157: 0.844 | D157: {=_xlfn.IFS(C157<=0.5,"High corruption",C157<=0.7,"Medium corruption",C157<=0.939,"Low corruption")} -> Low corruption
A158: Western Europe | B158: Portugal | C158: 0.887 | D158: {=_xlfn.IFS(C158<=0.5,"High corruption",C158<=0.7,"Medium corruption",C158<=0.939,"Low corruption")} -> Low corruption | G158: =1000 -> 1000
A159: Western Europe | B159: Greece | C159: 0.823 | D159: {=_xlfn.IFS(C159<=0.5,"High corruption",C159<=0.7,"Medium corruption",C159<=0.939,"Low corruption")} -> Low corruption
A160: Western Europe | B160: North Cyprus | C160: 0.626 | D160: {=_xlfn.IFS(C160<=0.5,"High corruption",C160<=0.7,"Medium corruption",C160<=0.939,"Low corruption")} -> Medium corruption
A162: 2. Bar chart: primerjava 5 najboljših in najslabših držav po vseh kategorijah
A163: Country name | B163: Regional indicator | C163: Ladder score | D163: Standard error of ladder score | E163: Logged GDP per capita | F163: Social support | G163: Healthy life expectancy | H163: Freedom to make life choices | I163: Generosity | J163: Perceptions of corruption
A164: Finland | B164: Western Europe | C164: =7842/(1000) -> 7.842 | D164: 0.032 | E164: =10775/(1000) -> 10.775 | F164: 0.954 | G164: =72000/(1000) -> 72 | H164: 0.949 | I164: -0.098 | J164: 0.186
A165: Denmark | B165: Western Europe | C165: =7620/(1000) -> 7.62 | D165: 0.035 | E165: =10933/(1000) -> 10.933 | F165: 0.954 | G165: =72700/(1000) -> 72.7 | H165: 0.946 | I165: 0.03 | J165: 0.179
A166: Switzerland | B166: Western Europe | C166: =7571/(1000) -> 7.571 | D166: 0.036 | E166: =11117/(1000) -> 11.117 | F166: 0.942 | G166: =74400/(1000) -> 74.4 | H166: 0.919 | I166: 0.025 | J166: 0.292
A167: Iceland | B167: Western Europe | C167: =7554/(1000) -> 7.554 | D167: 0.059 | E167: =10878/(1000) -> 10.878 | F167: 0.983 | G167: =73000/(1000) -> 73 | H167: 0.955 | I167: 0.16 | J167: 0.673
A168: Netherlands | B168: Western Europe | C168: =7464/(1000) -> 7.464 | D168: 0.027 | E168: =10932/(1000) -> 10.932 | F168: 0.942 | G168: =72400/(1000) -> 72.4 | H168: 0.913 | I168: 0.175 | J168: 0.338
A169: Lesotho | B169: Sub-Saharan Africa | C169: =3512/(1000) -> 3.512 | D169: 0.12 | E169: =7926/(1000) -> 7.926 | F169: 0.787 | G169: =48700/(1000) -> 48.7 | H169: 0.715 | I169: -0.131 | J169: 0.915
A170: Botswana | B170: Sub-Saharan Africa | C170: =3467/(1000) -> 3.467 | D170: 0.074 | E170: =9782/(1000) -> 9.782 | F170: 0.784 | G170: =59269/(1000) -> 59.269 | H170: 0.824 | I170: -0.246 | J170: 0.801
A171: Rwanda | B171: Sub-Saharan Africa | C171: =3415/(1000) -> 3.415 | D171: 0.068 | E171: =7676/(1000) -> 7.676 | F171: 0.552 | G171: =61400/(1000) -> 61.4 | H171: 0.897 | I171: 0.061 | J171: 0.167
A172: Zimbabwe | B172: Sub-Saharan Africa | C172: =3145/(1000) -> 3.145 | D172: 0.058 | E172: =7943/(1000) -> 7.943 | F172: 0.75 | G172: =56201/(1000) -> 56.201 | H172: 0.677 | I172: -0.047 | J172: 0.821
A173: Afghanistan | B173: South Asia | C173: =2523/(1000) -> 2.523 | D173: 0.038 | E173: =7695/(1000) -> 7.695 | F173: 0.463 | G173: =52493/(1000) -> 52.493 | H173: 0.382 | I173: -0.102 | J173: 0.924
C174: Ladder score | D174: Standard error of ladder score | E174: Logged GDP per capita | F174: Social support | G174: Healthy life expectancy | H174: Freedom to make life choices | I174: Generosity | J174: Perceptions of corruption
B175: Top 5 | C175: =AVERAGE(C164:C168) -> 7.6102 | D175: =AVERAGE(D164:D168) -> 0.0378 | E175: =AVERAGE(E164:E168) -> 10.927 | F175: =AVERAGE(F164:F168) -> 0.955 | G175: =AVERAGE(G164:G168) -> 72.9 | H175: =AVERAGE(H164:H168) -> 0.9364 | I175: =AVERAGE(I164:I168) -> 0.0584 | J175: =AVERAGE(J164:J168) -> 0.3336
B176: Bottom 5 | C176: =AVERAGE(C169:C173) -> 3.2124 | D176: =AVERAGE(D169:D173) -> 0.0716 | E176: =AVERAGE(E169:E173) -> 8.2044 | F176: =AVERAGE(F169:F173) -> 0.6672 | G176: =AVERAGE(G169:G173) -> 55.6126 | H176: =AVERAGE(H169:H173) -> 0.699 | I176: =AVERAGE(I169:I173) -> -0.093 | J176: =AVERAGE(J169:J173) -> 0.7256
